record_index,sample_id,dataset,split,foreground_area,boundary_ratio,teacher_disagreement,teacher_uncertainty,hard_score
0,cju87li0zn3yb0817kbwgjiz8,kvasir_seg,train,0.63368225,0.06846619,0.02268982,0.06178946,0.05044144
1,cju85bf1algsq0871y9gtlq97,kvasir_seg,train,0.08505249,0.03627014,0.00822449,0.01473986,0.01999508
2,cju2yyhsp933j0855hp32e012,kvasir_seg,train,0.19978333,0.05046082,0.00709534,0.01563776,0.02483598
3,cju5uzmaol56l0817flxh4w9p,kvasir_seg,train,0.03581238,0.02038574,0.00366211,0.00351162,0.00947023
4,cju2rpa30t07b0835im0erql0,kvasir_seg,train,0.09988403,0.03421021,0.00462341,0.00745741,0.01582899
5,cju5y4hgqmk0i08180rjhbwvp,kvasir_seg,train,0.128479,0.03952026,0.00997925,0.01200126,0.02092521
6,cju8bj2ssrmlm0871gc2ug2rs,kvasir_seg,train,0.00479126,0.00732422,0.00106812,0.00140143,0.00335775
7,cju7cue9b232j0801qdzk1ykj,kvasir_seg,train,0.08665466,0.03089905,0.00784302,0.0137895,0.01769657
8,cju18849rrsgr0988p90hkygb,kvasir_seg,train,0.11450195,0.03486633,0.00556946,0.00746342,0.01639155
9,cjyzu9th0qt4r0a46pyl4zik0,kvasir_seg,train,0.06607056,0.0316925,0.02459717,0.01789715,0.02507053
10,cju32fhnhbds40799broyoptc,kvasir_seg,train,0.0509491,0.02627563,0.00457764,0.0059699,0.01258962
11,cju5von04litr08718j8po40a,kvasir_seg,train,0.05879211,0.03373718,0.00332642,0.00678505,0.01500777
12,cju2mh8t6p07008350e01tx2a,kvasir_seg,train,0.06222534,0.02729797,0.00434875,0.00610695,0.01290844
13,cju7ajnbo1gvm098749rdouk0,kvasir_seg,train,0.22709656,0.04069519,0.0057373,0.0166137,0.02123548
14,cju87zv8lni0o0850hbbecbq6,kvasir_seg,train,0.01422119,0.01307678,0.00213623,0.00207643,0.00594748
15,cju7fazv92ywx0755xov2erga,kvasir_seg,train,0.33421326,0.05447388,0.01203918,0.02283105,0.03012889
16,cju5uhrdwkmsu0817ervv91l8,kvasir_seg,train,0.01748657,0.01438904,0.0019989,0.00344304,0.00676869
17,cju2u4pymvc720988wsxrmi84,kvasir_seg,train,0.31187439,0.06584167,0.0223999,0.03273829,0.04070604
18,ck2bxiswtxuw80838qkisqjwz,kvasir_seg,train,0.44291687,0.10525513,0.09515381,0.10007788,0.10016649
19,cju7f900s2o0k08175gl1giid,kvasir_seg,train,0.18450928,0.05345154,0.01063538,0.02010176,0.02846095
20,cjyzkpsbjdsjq07211dfi4sru,kvasir_seg,train,0.02468872,0.01844788,0.00410461,0.00493466,0.00937377
21,cju5b9oyda4yr0850g9viziyv,kvasir_seg,train,0.07229614,0.02929688,0.00897217,0.01696579,0.0184839
22,cju1fmsyf6gxb0801cimx2gle,kvasir_seg,train,0.07925415,0.03134155,0.00463867,0.00947895,0.01543676
23,cju7ehljc2or70871261br8ai,kvasir_seg,train,0.54728699,0.06152344,0.02462769,0.07974029,0.05407498
24,cju85dx63lic408017f0l0400,kvasir_seg,train,0.03083801,0.01860046,0.00280762,0.00400261,0.00869361
25,cju8bi8q7rlmn0871abc5ch8k,kvasir_seg,train,0.06433105,0.02688599,0.00605774,0.00866794,0.01413069
26,cju2zxja9w1eh09933609ho9z,kvasir_seg,train,0.0377655,0.02149963,0.00151062,0.00355594,0.00912037
27,cju35eg0tdmjt085525sb4bua,kvasir_seg,train,0.0770874,0.03091431,0.00508118,0.00597577,0.01439115
28,cju45n0oxn5vu08500yfrt9jn,kvasir_seg,train,0.0965271,0.03684998,0.00302124,0.00890247,0.01662567
29,cju8b2rmgr52s0801p54eyflx,kvasir_seg,train,0.16662598,0.04776001,0.01301575,0.01747341,0.02651354
30,cju18ibp219ub08783i6o98g7,kvasir_seg,train,0.01858521,0.01527405,0.0020752,0.00286497,0.00693173
31,cju2saez63gxl08559ucjq3kt,kvasir_seg,train,0.13294983,0.03907776,0.00709534,0.00912945,0.01889942
32,cju88z8bson4h0871nnd7fdxo,kvasir_seg,train,0.0909729,0.03433228,0.00439453,0.00590385,0.01532554
33,cju1cu1u2474n0878tt7v4tdr,kvasir_seg,train,0.02053833,0.02227783,0.00343323,0.00774892,0.01132355
34,cju1hs0za7jha0855vj0mdrjt,kvasir_seg,train,0.17480469,0.04475403,0.00650024,0.00985997,0.02089699
35,cju5thdbrjp1108715xdfx356,kvasir_seg,train,0.02391052,0.01654053,0.00312805,0.0036168,0.00796904
36,cju2xlcqxy9c60988vjacdznb,kvasir_seg,train,0.18753052,0.04940796,0.00898743,0.0190617,0.0261569
37,cju7bgnvb1sf808717qa799ir,kvasir_seg,train,0.18748474,0.04934692,0.0093689,0.00923993,0.02332252
38,cju5wrapcm2290818jsh26ppb,kvasir_seg,train,0.09794617,0.03398132,0.01173401,0.01399422,0.02019863
39,cju77afzlz3kp07550x5nafzs,kvasir_seg,train,0.5501709,0.07232666,0.02896118,0.08820096,0.06191103
40,cju30df2j09dd08351ayx2t6w,kvasir_seg,train,0.11099243,0.03926086,0.00531006,0.01015228,0.01864551
41,cju7g7ba42z310987bqzbi2bq,kvasir_seg,train,0.36943054,0.06114197,0.0091095,0.03317815,0.03454146
42,cju88msmoo3470817m441j4sg,kvasir_seg,train,0.15299988,0.04827881,0.02809143,0.02046802,0.03286999
43,cju85plp7lmkw0850rx42jdpf,kvasir_seg,train,0.30682373,0.05935669,0.01869202,0.02926715,0.03609719
44,cju5vi4nxlc530817uoqm2m7a,kvasir_seg,train,0.22727966,0.05435181,0.00869751,0.01223291,0.02573713
45,cju884985nlmx0817vzpax3y4,kvasir_seg,train,0.0184021,0.0211792,0.00479126,0.00793267,0.01146946
46,cju40w3hbkwpn08015rbs3wko,kvasir_seg,train,0.06788635,0.03092957,0.00668335,0.01179585,0.01670327
47,cju43kj2pm34f0850l28ahpni,kvasir_seg,train,0.01219177,0.01193237,0.001297,0.00255381,0.00539642
48,cju3x7xsaijq80818f0psavav,kvasir_seg,train,0.12538147,0.03746033,0.00584412,0.00942812,0.01798499
49,cju2lcyfgkf5809932fn9gucn,kvasir_seg,train,0.06361389,0.02761841,0.00526428,0.00657105,0.01348026
50,cju5knbbqfipk080128cggukq,kvasir_seg,train,0.40782166,0.07331848,0.05004883,0.08042977,0.06730749
51,cju310f6val1v0855xo8tc3gu,kvasir_seg,train,0.57757568,0.07991028,0.06185913,0.08845204,0.07615491
52,cju17g6ykn1cs0993dww6qdi8,kvasir_seg,train,0.31422424,0.0668335,0.10964966,0.0596966,0.07967808
53,cju5w7xn0lrkq0801f9k0htgx,kvasir_seg,train,0.09376526,0.03504944,0.00817871,0.01138596,0.01854564
54,cju3yht87j83m08507yk1u1fg,kvasir_seg,train,0.42980957,0.07444763,0.01383972,0.02800343,0.0393016
55,cju3v11mrgwwb0755u242ygye,kvasir_seg,train,0.07415771,0.02949524,0.00567627,0.00917705,0.01506314
56,cju1amqw6p8pw0993d9gc5crl,kvasir_seg,train,0.02445984,0.01753235,0.00314331,0.00465754,0.00863374
57,cju5wuhm1lwm40987vugqn3vv,kvasir_seg,train,0.08728027,0.03178406,0.00595093,0.00988994,0.01617423
58,cju7aez2x1jtj0871ztezs3oi,kvasir_seg,train,0.02870178,0.01887512,0.00366211,0.00541339,0.00951205
59,cju88oh0po9gq0801nge4tgr1,kvasir_seg,train,0.03816223,0.02111816,0.00183105,0.00452313,0.00938917
60,cju7bfx651qr80801cs7epotb,kvasir_seg,train,0.18395996,0.04864502,0.01223755,0.0229918,0.02820644
61,cju2ueb6j5ado0878vf5md13o,kvasir_seg,train,0.09779358,0.03826904,0.08735657,0.06782512,0.0643165
62,cju2hjrqcvi2j0801bx1i6gxg,kvasir_seg,train,0.01542664,0.01853943,0.00747681,0.00615094,0.01095096
63,cju5o4pk9h0720755lgp9jq8m,kvasir_seg,train,0.24320984,0.04562378,0.00764465,0.02175653,0.02517091
64,cju2spdagu1l50835da1f46fr,kvasir_seg,train,0.04316711,0.02424622,0.00416565,0.00517313,0.01149609
65,cju1ewnoh5z030855vpex9uzt,kvasir_seg,train,0.1018219,0.03820801,0.01831055,0.01559612,0.02446033
66,cju83mki1jv5w0817kubxm31r,kvasir_seg,train,0.26568604,0.04243469,0.02731323,0.03204541,0.0340254
67,cju1dhfok4mhe0878jlgrag0h,kvasir_seg,train,0.06095886,0.02731323,0.00375366,0.00791771,0.01324873
68,cju7ap09p1kz10850ldccjebj,kvasir_seg,train,0.04943848,0.02590942,0.00683594,0.00555439,0.01312719
69,cju306x7w05nb0835cunv799x,kvasir_seg,train,0.15901184,0.04222107,0.01124573,0.01981407,0.0246576
70,cju8cattbsivm0818p446wgel,kvasir_seg,train,0.39282227,0.07369995,0.04177856,0.05101601,0.05572228
71,cju2igw4gvxds0878808qj398,kvasir_seg,train,0.43943787,0.08074951,0.0476532,0.06031264,0.06303474
72,ck2da7fwcjfis07218r1rvm95,kvasir_seg,train,0.03733826,0.02159119,0.00175476,0.00472631,0.00958897
73,cju3x2s11ibzi0817kk284k0j,kvasir_seg,train,0.1005249,0.04016113,0.01852417,0.0109313,0.02381925
74,cju5i39mreass0817au8p22zy,kvasir_seg,train,0.18765259,0.05456543,0.01004028,0.01463136,0.02700141
75,cju0rx1idathl0835detmsp84,kvasir_seg,train,0.07278442,0.03556824,0.02597046,0.0137245,0.0256559
76,cju7b10ce1mnm08011c5bwyr4,kvasir_seg,train,0.1701355,0.04856873,0.01652527,0.01461846,0.02716843
77,cju7b3f5h1sm40755i572jden,kvasir_seg,train,0.14680481,0.03739929,0.00585938,0.00988771,0.01810685
78,cju2iatlki5u309930zmgkv6h,kvasir_seg,train,0.24055481,0.06126404,0.02290344,0.02785482,0.03781506
79,cju2y5zas8m7f0801d34g5owq,kvasir_seg,train,0.27140808,0.08105469,0.09136963,0.19589964,0.1191184
80,cju8bafgqrf4x0818twisk3ea,kvasir_seg,train,0.17518616,0.04789734,0.01487732,0.01564729,0.02666532
81,cju43eigtm6ev0801mv0m96t1,kvasir_seg,train,0.41220093,0.06758118,0.03645325,0.05735728,0.05361923
82,cju2z6ez69g4u0801qwt088lw,kvasir_seg,train,0.3059082,0.06234741,0.01420593,0.01820948,0.03225651
83,cju8914beokbf0850isxpocrk,kvasir_seg,train,0.02056885,0.01638794,0.00296021,0.00341206,0.00779547
84,cju8c5zcbsdfz0801o5t6jag1,kvasir_seg,train,0.02615356,0.01805115,0.00361633,0.00361492,0.00866809
85,cju2zo0fwzv580988qlijd2xa,kvasir_seg,train,0.08232117,0.04516602,0.04576111,0.04630684,0.04571654
86,cju8c5mxls96t0850wvkvsity,kvasir_seg,train,0.13011169,0.03936768,0.00561523,0.01360934,0.01982682
87,cju0ue769mxii08019zqgdbxn,kvasir_seg,train,0.04763794,0.02635193,0.00541687,0.00502235,0.01262578
88,cju7b1ygu1msd0801hywhy0mc,kvasir_seg,train,0.15034485,0.04788208,0.0662384,0.03226428,0.04962145
89,cju5cjh3xattc0817j2vbulzi,kvasir_seg,train,0.0647583,0.04049683,0.03207397,0.04337836,0.03841329
90,cju7dp3dw2k4n0755zhe003ad,kvasir_seg,train,0.06510925,0.02975464,0.00495911,0.00649963,0.0140997
91,cju33o12x2jm50988944mxq0v,kvasir_seg,train,0.03340149,0.01931763,0.00334167,0.00530345,0.00952179
92,cju1hhj6mxfp90835n3wofrap,kvasir_seg,train,0.03581238,0.02351379,0.00389099,0.005072,0.01111328
93,cju6ut4l8va6y0755tyw3vfqq,kvasir_seg,train,0.02597046,0.01753235,0.0022583,0.00324398,0.00789992
94,cju8ashhnquqr0801rwduzt7d,kvasir_seg,train,0.07243347,0.0316925,0.00723267,0.00777213,0.01595545
95,cju8a2itsq4dv0755ntlovpxe,kvasir_seg,train,0.03842163,0.02223206,0.00256348,0.00745886,0.01091609
96,cjyztzaqtrv430848l8xgcerw,kvasir_seg,train,0.19593811,0.05267334,0.02314758,0.0195671,0.03240745
97,cju42u5bjlvi10801dc13sskp,kvasir_seg,train,0.1217804,0.03822327,0.01487732,0.01189191,0.02215278
98,cju43b8daly4408170e5ev06g,kvasir_seg,train,0.19334412,0.05250549,0.0071106,0.00880627,0.02350751
99,cju8828oxnool0801qno9luhr,kvasir_seg,train,0.19082642,0.04933167,0.02832031,0.02912302,0.0359151
100,cju8ca4geseia0850i2ru11hw,kvasir_seg,train,0.09173584,0.03562927,0.00663757,0.00613146,0.01663284
101,cju2zp89k9q1g0855k1x0f1xa,kvasir_seg,train,0.02696228,0.01786804,0.00163269,0.00345864,0.00786285
102,cju7d3oc82cho0755dajlwldz,kvasir_seg,train,0.17181396,0.04725647,0.01554871,0.01552483,0.02663926
103,cju3521y5d5mq0878t3ezsu4p,kvasir_seg,train,0.06109619,0.02888489,0.00405884,0.00698221,0.01362497
104,cju6wn57mvooj0850rp78hhy7,kvasir_seg,train,0.3218689,0.06874084,0.0478363,0.06822361,0.06126909
105,cju7druhp2gp308715i6km7be,kvasir_seg,train,0.32192993,0.08117676,0.08638,0.09715511,0.0877914
106,cju1bhnfitmge0835ynls0l6b,kvasir_seg,train,0.08203125,0.03172302,0.00627136,0.00890058,0.01596821
107,cju7fnfv02tt90801djnix9m8,kvasir_seg,train,0.01908875,0.01516724,0.00134277,0.00247569,0.00652121
108,cju34repocy5208780gswillm,kvasir_seg,train,0.22409058,0.04750061,0.01081848,0.0268963,0.02848057
109,cju2yb31a8e8u0878wdashg7o,kvasir_seg,train,0.17216492,0.04551697,0.0316925,0.01516052,0.03157147
110,cju8doa16u5gh0818w1ywda3q,kvasir_seg,train,0.71942139,0.06498718,0.04904175,0.11518142,0.07446455
111,cju2oo0wh0bqy0878biujeyhe,kvasir_seg,train,0.0821228,0.03134155,0.00354004,0.00531126,0.01380194
112,cju2tzypl4wss0799ow05oxb9,kvasir_seg,train,0.27304077,0.04768372,0.00946045,0.0236167,0.02708547
113,cju2ro5jqsy680988pi6qsujw,kvasir_seg,train,0.21673584,0.06758118,0.07211304,0.09673665,0.07791397
114,cju33w4sdcivk0855x879zht7,kvasir_seg,train,0.0756073,0.03379822,0.00456238,0.008284,0.01591141
115,cju88itqbny720987hxizbj5y,kvasir_seg,train,0.21311951,0.06018066,0.02648926,0.02726395,0.03851366
116,cju5x00l6m5j608503k78ptee,kvasir_seg,train,0.39068604,0.06628418,0.04959106,0.06054823,0.0587208
117,cju5c5xc7algd0817pb1ej5yo,kvasir_seg,train,0.15367126,0.04722595,0.01113892,0.01387895,0.02459139
118,cju3y79ofj3va0871uqfb1mzo,kvasir_seg,train,0.10824585,0.0428009,0.00753784,0.01150803,0.02107097
119,cju5vzjoslpj708186z2fusmz,kvasir_seg,train,0.05212402,0.0255127,0.00245667,0.00545783,0.01142662
120,cju171py4qiha0835u8sl59ds,kvasir_seg,train,0.36680603,0.06393433,0.01391602,0.02050217,0.03339827
121,cju6vucxvvlda0755j7msqnya,kvasir_seg,train,0.04463196,0.02905273,0.01629639,0.01094099,0.01915449
122,cju3y54kwj3nr0801biidlb4e,kvasir_seg,train,0.5799408,0.06954956,0.01768494,0.04359891,0.04361175
123,cju30gxjq0djk0988jytm49rs,kvasir_seg,train,0.08021545,0.03118896,0.00463867,0.00673985,0.01456163
124,cju7avvi51iox0817ym55y6tt,kvasir_seg,train,0.51715088,0.08612061,0.06498718,0.12863991,0.0914797
125,cju430pm2lz0y0755jkhcc3d1,kvasir_seg,train,0.22576904,0.09718323,0.04656982,0.09120493,0.07767505
126,cju323ypb1fbb0988gx5rzudb,kvasir_seg,train,0.38052368,0.06465149,0.01135254,0.02567732,0.03430461
127,cju42wamblrqn098798r2yyok,kvasir_seg,train,0.22810364,0.04653931,0.01382446,0.02486503,0.02858683
128,cju5yhgznmkzb0801cji2vi8j,kvasir_seg,train,0.0289917,0.01898193,0.00314331,0.0064149,0.00966831
129,cju0sr5ghl0nd08789uzf1raf,kvasir_seg,train,0.13348389,0.06088257,0.02172852,0.04017142,0.04096531
130,cju3xga12iixg0817dijbvjxw,kvasir_seg,train,0.29092407,0.05874634,0.01809692,0.02749078,0.03514237
131,cju2y0z6g87p10878fpk5d3rq,kvasir_seg,train,0.23400879,0.05789185,0.01774597,0.02136497,0.03288273
132,cju1b3zgj3d8e0801kpolea6c,kvasir_seg,train,0.14170837,0.05004883,0.037323,0.04234105,0.04328246
133,cju35atpxdjot0855q46aqrd0,kvasir_seg,train,0.07925415,0.02810669,0.00942993,0.00678749,0.01517406
134,cju2qfie4rvz508357kad9z5o,kvasir_seg,train,0.10328674,0.04083252,0.01109314,0.01663981,0.02316592
135,cju35mdz73x890835eynq1h9v,kvasir_seg,train,0.14080811,0.03947449,0.00973511,0.01360873,0.02130598
136,cju88evxanv9r08176zkeovec,kvasir_seg,train,0.14289856,0.05693054,0.00836182,0.0175195,0.02810817
137,cju2rga4psq9n09881z519xx0,kvasir_seg,train,0.05474854,0.02609253,0.00253296,0.00646635,0.01195883
138,cju1f79yhsb5w0993txub59ol,kvasir_seg,train,0.01075745,0.0111084,0.00088501,0.00170534,0.00470929
139,cju1bm8063nmh07996rsjjemq,kvasir_seg,train,0.24382019,0.05604553,0.01350403,0.02553635,0.03200325
140,cju45rj7ln8980850a7821fov,kvasir_seg,train,0.10710144,0.04896545,0.01229858,0.02223846,0.02811395
141,cju8a1jtvpt9m081712iwkca7,kvasir_seg,train,0.18688965,0.03794861,0.00421143,0.00933852,0.01755757
142,cju2lberzkdzm09938cl40pog,kvasir_seg,train,0.21000671,0.05432129,0.01182556,0.01756184,0.02841995
143,cju7adqyj1jcx08712r1ro5gx,kvasir_seg,train,0.27893066,0.05796814,0.00927734,0.01301243,0.02743965
144,cju3tvffffx5f0818t5ov22al,kvasir_seg,train,0.2277832,0.04998779,0.01792908,0.01765173,0.02906642
145,cju89z6pqpqfx0817mfv8ixjc,kvasir_seg,train,0.01477051,0.01409912,0.00334167,0.006789,0.00814098
146,cju30mm25a53s0799qa5wiqe8,kvasir_seg,train,0.02476501,0.01664734,0.00289917,0.00461516,0.00822583
147,cju2p91qir00k08350ddfif0w,kvasir_seg,train,0.05093384,0.02622986,0.00227356,0.00637501,0.0118887
148,cju2pkwt3r8b90988v2ywq1px,kvasir_seg,train,0.06488037,0.02806091,0.00422668,0.00676364,0.01332975
149,cju858eswlepn0871pzvdrhj1,kvasir_seg,train,0.22619629,0.04202271,0.01794434,0.02493923,0.02847023
150,cju7efffp2ivf0817etg3jehl,kvasir_seg,train,0.4359436,0.07081604,0.07139587,0.03994664,0.06175816
151,cju14hjh2ob2o0835ouz3r5aa,kvasir_seg,train,0.12554932,0.04241943,0.00802612,0.01662622,0.02264381
152,cju83k8fyjsxr0817d6nxs6r4,kvasir_seg,train,0.11062622,0.04014587,0.00610352,0.00954146,0.01904973
153,cju1cfhyg48bb0799cl5pr2jh,kvasir_seg,train,0.16427612,0.045578,0.00804138,0.01357742,0.02284001
154,cju7ff97z2ow40817u2r83my5,kvasir_seg,train,0.02856445,0.01856995,0.00296021,0.00480916,0.0089783
155,cju41kd7yl4nm0850gil5qqwh,kvasir_seg,train,0.07583618,0.0302887,0.00431824,0.00606821,0.01393289
156,cju2tjrog4jy30878pawyazqc,kvasir_seg,train,0.11740112,0.04258728,0.00666809,0.0123862,0.02095524
157,cju5yimthmlv80850zhoc90c2,kvasir_seg,train,0.05195618,0.02456665,0.00486755,0.00385591,0.01145875
158,cju1aqqv02qwz0878a5cyhr67,kvasir_seg,train,0.05603027,0.03079224,0.00408936,0.006815,0.01425306
159,cju2upu4evw7g08358guwozxv,kvasir_seg,train,0.0504303,0.02487183,0.00300598,0.00692218,0.01183389
160,cju8axq24r4an0755yhv9d4ly,kvasir_seg,train,0.03520203,0.02017212,0.00134277,0.00373752,0.00865147
161,cju7b5afm1nfw0801xqm8bf8q,kvasir_seg,train,0.0565033,0.02641296,0.00485229,0.0083391,0.01344457
162,cju83vvmik9wa08710yeh7cuk,kvasir_seg,train,0.07206726,0.0302124,0.00401306,0.00638221,0.01389357
163,cju15l5ubz9yh0855b3ivdpse,kvasir_seg,train,0.03482056,0.02087402,0.00572205,0.01037001,0.01241963
164,cju32csyfblyh080170aa3x5p,kvasir_seg,train,0.12017822,0.03625488,0.00602722,0.0099485,0.01778329
165,cju5ufn3skquf0818dhapnhba,kvasir_seg,train,0.03787231,0.02056885,0.00448608,0.00542026,0.0103953
166,cju83rcnzkbsj0755x5anfrcg,kvasir_seg,train,0.09211731,0.03285217,0.00544739,0.00736099,0.01561314
167,cju43h43am1dy08176gwfhmnt,kvasir_seg,train,0.027771,0.01849365,0.00141907,0.00346734,0.00800966
168,cju1g4nsb6ngy0799l4ezm8ab,kvasir_seg,train,0.10334778,0.03363037,0.00430298,0.00647327,0.01521865
169,cju2omjpeqj5a0988pjdlb8l1,kvasir_seg,train,0.26255798,0.05982971,0.02180481,0.02846474,0.0371115
170,cju7ea4om2l910801bohqjccy,kvasir_seg,train,0.05639648,0.02812195,0.00219727,0.00455401,0.01197793
171,cju34aozyyy830993bn16u32n,kvasir_seg,train,0.26553345,0.07014465,0.01678467,0.02493438,0.03790558
172,cju7apr0c1qqm0755s7msqot4,kvasir_seg,train,0.1320343,0.03971863,0.00804138,0.01276062,0.02054419
173,cju7d4jk723eu0817bqz2n39m,kvasir_seg,train,0.12573242,0.04060364,0.00636292,0.01360387,0.02051945
174,cju5hqz50e7o90850e0prlpa0,kvasir_seg,train,0.2056427,0.05351257,0.02005005,0.02471265,0.03316071
175,cju15ptjtppz40988odsm9azx,kvasir_seg,train,0.05953979,0.03050232,0.00947571,0.01209936,0.01762212
176,cju2zgbj9zmrw0835nnlzxj4c,kvasir_seg,train,0.31048584,0.06842041,0.03623962,0.04367021,0.04973208
177,cju2r7h21sj9608354gzks3ae,kvasir_seg,train,0.03337097,0.01901245,0.00245667,0.00528699,0.00910029
178,cju0u2g7pmnux0801vkk47ivj,kvasir_seg,train,0.29248047,0.05841064,0.01657104,0.01581548,0.03098824
179,cjyzul1qggwwj07216mhiv5sy,kvasir_seg,train,0.04559326,0.0234375,0.00660706,0.00443395,0.01184578
180,cju6v6g6kvdw007552x6mb0po,kvasir_seg,train,0.14549255,0.03890991,0.01713562,0.01924447,0.02538928
181,cju2tpfa5uyx408359datxqqj,kvasir_seg,train,0.10148621,0.03770447,0.0085907,0.01297316,0.02009526
182,cju7d7tly27h408016fyp5nr7,kvasir_seg,train,0.15618896,0.04570007,0.00965881,0.01285936,0.02323342
183,cju6z1bzbwfq50817b2alatvr,kvasir_seg,train,0.42512512,0.04830933,0.01382446,0.03911058,0.03348
184,cju2u73dj53oz0878486k8k4b,kvasir_seg,train,0.1396637,0.03936768,0.00949097,0.01658725,0.0220767
185,cju2yo1j1v0qz09934o0e683p,kvasir_seg,train,0.30604553,0.05145264,0.03869629,0.04994743,0.04653635
186,cju1d50a94qf50855wsowacrc,kvasir_seg,train,0.06072998,0.02618408,0.00579834,0.00811496,0.01362833
187,cju8b0jr0r2oi0801jiquetd5,kvasir_seg,train,0.05732727,0.026474,0.00257874,0.00470677,0.01158049
188,cju7aqkue1i2k09879uzcpt8r,kvasir_seg,train,0.06018066,0.02838135,0.00714111,0.00924368,0.01520597
189,cju40sdwukv3k0755y99ug1k8,kvasir_seg,train,0.10153198,0.03668213,0.00465393,0.00908151,0.01719207
190,cju5wphwwlu3m0987hh3ltg88,kvasir_seg,train,0.04338074,0.02578735,0.00894165,0.00966897,0.01505584
191,cju1cdxvz48hw0801i0fjwcnk,kvasir_seg,train,0.0643158,0.0279541,0.00326538,0.00460582,0.01230857
192,cju1egh885m1l0855ci1lt37c,kvasir_seg,train,0.02490234,0.01815796,0.00201416,0.00510299,0.00859114
193,cju3tp94kfstl08181awh6z49,kvasir_seg,train,0.60850525,0.09008789,0.07276917,0.10594768,0.08878427
194,cju2mfjndoz700988b9lc3zeq,kvasir_seg,train,0.09552002,0.03511047,0.00898743,0.01158789,0.01891063
195,cju77idwfz36d0871tzfzz51i,kvasir_seg,train,0.18959045,0.05101013,0.02279663,0.02420118,0.03309272
196,cju3x5u2tiihx0818914gzxy1,kvasir_seg,train,0.24017334,0.04396057,0.00814819,0.01650139,0.02318848
197,cju2zwg05a0oy0801yr73ig7g,kvasir_seg,train,0.11766052,0.04115295,0.00376892,0.00914027,0.01846474
198,cju7cufm7298k0755j09uf3of,kvasir_seg,train,0.11842346,0.03694153,0.00836182,0.00914586,0.01859993
199,cju2raxlosl630988jdbfy9b0,kvasir_seg,train,0.32887268,0.06208801,0.03515625,0.02437572,0.04134821
200,cju5c7oijaqmq09878qwgqv8n,kvasir_seg,train,0.13630676,0.03863525,0.00744629,0.01268885,0.0199352
201,cju17otoe119u0799nqcbl8n1,kvasir_seg,train,0.61643982,0.07865906,0.01277161,0.02795891,0.04038841
202,cju2rnkt22xep0801as160g9t,kvasir_seg,train,0.0309906,0.02908325,0.00564575,0.01040938,0.01527797
203,cju5fb86jd1jp0755b1ukbhq5,kvasir_seg,train,0.29298401,0.05285645,0.00849915,0.03779568,0.03281316
204,cju8bw697rwg308177tg8huas,kvasir_seg,train,0.43690491,0.09759521,0.03797913,0.07297294,0.0693429
205,cju40u30gkuzc0871rq7t666d,kvasir_seg,train,0.0662384,0.02848816,0.00538635,0.00800545,0.01425772
206,cju43in5fm22c08175rxziqrk,kvasir_seg,train,0.28762817,0.04638672,0.0124054,0.01983427,0.02652752
207,cju5ew4h9cqaf0818rrczkmqh,kvasir_seg,train,0.24264526,0.05386353,0.01733398,0.01983061,0.03086831
208,cju7ejm2l2ncl0801wq6y84nw,kvasir_seg,train,0.06802368,0.02523804,0.00523376,0.0079809,0.0130594
209,cju6vvb8svhed0801jjcquh5e,kvasir_seg,train,0.01504517,0.01734924,0.0022583,0.00423889,0.00813431
210,cju2y26c588bo07993ksd8eoz,kvasir_seg,train,0.07366943,0.02993774,0.00375366,0.00728944,0.01397882
211,cju34ouumcznz07996gg1xq7v,kvasir_seg,train,0.17575073,0.04496765,0.00779724,0.01331918,0.02246347
212,cju8azmhcr66e0755t61atz72,kvasir_seg,train,0.17764282,0.04626465,0.00665283,0.00925259,0.0212969
213,cju77t0razbvm080106o56289,kvasir_seg,train,0.55987549,0.07601929,0.07991028,0.08564774,0.08026967
214,cju85c2d4ln1b0755zz1z3onx,kvasir_seg,train,0.01338196,0.01245117,0.00085449,0.0021716,0.00530846
215,cju8d2q30tfhs0801n7lx77xl,kvasir_seg,train,0.16960144,0.04548645,0.00453186,0.0142521,0.02178204
216,cju5nxkujgscq0817l9gss626,kvasir_seg,train,0.16021729,0.04748535,0.01525879,0.03665083,0.0329557
217,cju85ia1slh220987y7c20sm2,kvasir_seg,train,0.07330322,0.0287323,0.00498962,0.00770049,0.01411282
218,cju5u8gz4kj5b07552e2wpkwp,kvasir_seg,train,0.26092529,0.06336975,0.02964783,0.04559658,0.04623513
219,cju2zm0axztpe0988r8s9twjr,kvasir_seg,train,0.07037354,0.03068542,0.00331116,0.00846315,0.01443775
220,cju88nroho44508500129f1nh,kvasir_seg,train,0.02565002,0.01759338,0.00190735,0.00323998,0.00779725
221,cju1ftaji6isw0855108yqcse,kvasir_seg,train,0.14663696,0.04325867,0.01048279,0.01301277,0.02271334
222,cju2lejzcy4pc0878c9rlonot,kvasir_seg,train,0.21762085,0.05235291,0.00408936,0.01614995,0.02459977
223,cju1f5x1164xv08555654c24r,kvasir_seg,train,0.12181091,0.03993225,0.01766968,0.01589408,0.0249289
224,cju357rxxdaz30878y2esjpjt,kvasir_seg,train,0.03326416,0.0198822,0.00315857,0.00362214,0.00915091
225,cju32upim1z7u0988l883nqp6,kvasir_seg,train,0.13430786,0.04122925,0.00997925,0.01307526,0.02184555
226,cju2hqt33lmra0988fr5ijv8j,kvasir_seg,train,0.14961243,0.04255676,0.00456238,0.01087808,0.01975512
227,cju5ht88gedbu0755xrcuddcx,kvasir_seg,train,0.19844055,0.05549622,0.01982117,0.02112066,0.03269728
228,cju2ulk385h170799rlklxob0,kvasir_seg,train,0.32298279,0.06413269,0.03326416,0.03488877,0.04455553
229,cju2htabevq9108015qjei0x7,kvasir_seg,train,0.45716858,0.07780457,0.03665161,0.04348961,0.05310655
230,cju5wj0faly5008187n6530af,kvasir_seg,train,0.0874939,0.03372192,0.00737,0.00857148,0.01695362
231,cju2nfnvxzdkd0878399axlco,kvasir_seg,train,0.12132263,0.04273987,0.00891113,0.01333854,0.02207941
232,cju41z76wlgbz0801qdetlvby,kvasir_seg,train,0.10401917,0.03421021,0.00613403,0.01021328,0.01718447
233,cju34m7h536wq0988xz7gx79v,kvasir_seg,train,0.1033783,0.04005432,0.00634766,0.01062742,0.01942892
234,cju85citjlnfm0755i4rk5tqj,kvasir_seg,train,0.02351379,0.01686096,0.00239563,0.00330313,0.00773074
235,cju88v2f9oi8w0871hx9auh01,kvasir_seg,train,0.02235413,0.01647949,0.00222778,0.00334685,0.0075516
236,cju34fojcctcf0799ebolbvkn,kvasir_seg,train,0.02761841,0.01921082,0.0022583,0.00440104,0.0088345
237,cju3umoh1geet0817cmpef5am,kvasir_seg,train,0.10733032,0.03637695,0.00892639,0.01116187,0.01920473
238,cju8c1a0ws7o208181c6lbsom,kvasir_seg,train,0.34307861,0.05789185,0.02330017,0.03089396,0.03768539
239,cju3xl264ingx0850rcf0rshj,kvasir_seg,train,0.10180664,0.03541565,0.00541687,0.01011677,0.01732641
240,cju8bbznkrf5g0871jncffynk,kvasir_seg,train,0.2280426,0.05680847,0.01045227,0.01551714,0.0281964
241,cju8auylgqx0z0871u4o4db7o,kvasir_seg,train,0.02844238,0.0174408,0.00379944,0.0045207,0.00879029
242,cju885ikhnmkn09878s2lqtuh,kvasir_seg,train,0.09925842,0.03430176,0.00662231,0.00832285,0.01682028
243,cju8bssulrrcy0987h1vq5060,kvasir_seg,train,0.18380737,0.03662109,0.0078125,0.01644088,0.02048402
244,cju18kevfrojc0835bn90f1in,kvasir_seg,train,0.05328369,0.02911377,0.00401306,0.00839531,0.01411299
245,cju32qr9tbvsj08013pkpjenq,kvasir_seg,train,0.0667572,0.02952576,0.00601196,0.00883589,0.01508897
246,cju2qozsk20cq0855ugrg3cri,kvasir_seg,train,0.10533142,0.03820801,0.00611877,0.01225153,0.01918983
247,cju83wwn1k55e0850kw6i2d81,kvasir_seg,train,0.07032776,0.03018188,0.00262451,0.0068836,0.01354732
248,cju7f0ec32txj08184asb8w5f,kvasir_seg,train,0.06684875,0.02728271,0.00387573,0.00669485,0.01291391
249,cju5f8hxdcxxn08188obby0ea,kvasir_seg,train,0.12971497,0.04441833,0.00531006,0.01048073,0.02054916
250,cju2qh5le1ock0878oahaql7d,kvasir_seg,train,0.14186096,0.04368591,0.00415039,0.01073186,0.01996226
251,cju6wt9jvvn500871hjn3t3g0,kvasir_seg,train,0.18379211,0.04774475,0.01040649,0.01456836,0.02472345
252,cju43c92lm5cj0755lorsorfg,kvasir_seg,train,0.04318237,0.03591919,0.0125885,0.01020709,0.02003982
253,cju32gzs6xo8x0993r8tedbpb,kvasir_seg,train,0.13160706,0.05026245,0.03182983,0.04410113,0.04196264
254,cju2wxv0hxs2f09884w48v8fi,kvasir_seg,train,0.01695251,0.01493835,0.00177002,0.00449241,0.00719565
255,cju8402x1kcy70801t6kz6bdi,kvasir_seg,train,0.16960144,0.04534912,0.00704956,0.0128628,0.02219838
256,cju2z9vlp9j0w0801oag91sy9,kvasir_seg,train,0.06796265,0.03279114,0.00343323,0.00814155,0.01512099
257,cju77re6fz5bb0817vp9redjg,kvasir_seg,train,0.0901947,0.03407288,0.0103302,0.00807089,0.01796234
258,cju7etr3y2p4t0801cdzjj8ab,kvasir_seg,train,0.08065796,0.03256226,0.01004028,0.00946058,0.01774906
259,cju84ih17kp5l09876bkooocl,kvasir_seg,train,0.1100769,0.03829956,0.00534058,0.00936752,0.0180843
260,cju5jx7jzf7c90871c2i9aiov,kvasir_seg,train,0.17311096,0.04866028,0.00942993,0.01669628,0.02534046
261,cju88k75inzyb0850ccv5x3vk,kvasir_seg,train,0.24343872,0.04408264,0.01499939,0.01896871,0.02636932
262,cju84aoa3ktwn0755pfl4gfwd,kvasir_seg,train,0.34440613,0.05238342,0.07449341,0.06162613,0.06289473
263,cjyzlw7f9faqr070129au64sq,kvasir_seg,train,0.09416199,0.0345459,0.00778198,0.00907012,0.01753579
264,cju2pjb9v0ywn0878j5g5n69j,kvasir_seg,train,0.08961487,0.03404236,0.00808716,0.0094096,0.01756821
265,cju7dn24o296i09871qfxb8s2,kvasir_seg,train,0.14840698,0.04489136,0.02719116,0.0194496,0.03106376
266,cju2t2ivz43i10878zeg8r1br,kvasir_seg,train,0.03565979,0.02111816,0.00285339,0.00465836,0.00978755
267,cju8bff9nrfi10850fmfzbf8v,kvasir_seg,train,0.11009216,0.03590393,0.00732422,0.0105441,0.01829308
268,cju0qkwl35piu0993l0dewei2,kvasir_seg,train,0.28285217,0.05865479,0.02870178,0.05989913,0.04854454
269,cju6vta3kvazg0817qbeppjtm,kvasir_seg,train,0.23539734,0.05578613,0.01983643,0.02650461,0.03441928
270,cju33qpdvc9g0087825jhf3s9,kvasir_seg,train,0.03421021,0.02284241,0.00228882,0.00502178,0.01030246
271,cju2xa3i4y0160988i679zsqd,kvasir_seg,train,0.10539246,0.04197693,0.00601196,0.01214271,0.02043892
272,cju2sxf3iqbpv09937iksn8ep,kvasir_seg,train,0.175354,0.04780579,0.01522827,0.01696222,0.02715059
273,cju45qbf3n9sa0987oonbkly9,kvasir_seg,train,0.08323669,0.03164673,0.00437927,0.01294739,0.01649332
274,cju5g163vd6mt0817uccuga6u,kvasir_seg,train,0.04650879,0.02589417,0.01473999,0.00890725,0.01689413
275,cju3v3ac9gyz30755hfqwyp1i,kvasir_seg,train,0.07345581,0.03077698,0.00689697,0.01219151,0.01684333
276,cju7amjna1ly40871ugiokehb,kvasir_seg,train,0.14170837,0.04185486,0.00842285,0.01212444,0.02123453
277,cju1cj3f0qi5n0993ut8f49rj,kvasir_seg,train,0.23500061,0.05099487,0.01063538,0.01789414,0.02693883
278,cju8dm2cau2km0818jsv9eeq2,kvasir_seg,train,0.11784363,0.03613281,0.00382996,0.00656585,0.01595672
279,cju8apjewqrk00801k5d71gky,kvasir_seg,train,0.14598083,0.04396057,0.00497437,0.01730484,0.02231868
280,cju0s690hkp960855tjuaqvv0,kvasir_seg,train,0.03646851,0.02133179,0.00404358,0.00508898,0.01040807
281,cju76erapykj30871x5eaxh4q,kvasir_seg,train,0.20994568,0.05114746,0.00613403,0.01290707,0.02392064
282,cju773hsyyosz0817pk1e7sjq,kvasir_seg,train,0.10827637,0.03709412,0.00404358,0.00821057,0.01686137
283,cju1b0y2e396p08558ois175d,kvasir_seg,train,0.0403595,0.02383423,0.01451111,0.00654252,0.01538362
284,cju7atnm31if40817pqclnjer,kvasir_seg,train,0.16163635,0.05482483,0.01971436,0.02206268,0.03270752
285,cju35740hzm0g0993zl5ic246,kvasir_seg,train,0.04325867,0.02593994,0.0032196,0.00686897,0.01226653
286,cju336l68y7if0993wf092166,kvasir_seg,train,0.22587585,0.05574036,0.02235413,0.02718618,0.03548892
287,cju6vqarjv7yo0987q4b1btk1,kvasir_seg,train,0.11384583,0.03738403,0.01072693,0.01306388,0.020758
288,cju1c3218411b08014g9f6gig,kvasir_seg,train,0.15942383,0.04049683,0.0080719,0.01409741,0.02122828
289,cju2s9g11pnra0993gn4eh793,kvasir_seg,train,0.47401428,0.06959534,0.08132935,0.07804094,0.07623592
290,cju5fu081d8gc0818l3yylujk,kvasir_seg,train,0.05567932,0.02644348,0.01211548,0.00700253,0.0155964
291,cju2qdj95ru8g09886gfi9rsz,kvasir_seg,train,0.42785645,0.07037354,0.02330017,0.04622269,0.04665261
292,cju43o6n7m9nk087191ijwqq9,kvasir_seg,train,0.07951355,0.03379822,0.00360107,0.00974171,0.01601227
293,cju6yxyt0wh080871sqpepu47,kvasir_seg,train,0.07128906,0.03216553,0.00480652,0.00887661,0.0156032
294,cju7deifq2fzn0755lc8idyh8,kvasir_seg,train,0.07835388,0.03323364,0.00448608,0.01059334,0.01637991
295,cju33yemn2qb20988wfjxximx,kvasir_seg,train,0.04277039,0.02540588,0.00286865,0.00522266,0.01146288
296,cju88l66no10s0850rsda7ej1,kvasir_seg,train,0.81222534,0.06484985,0.1541748,0.18955958,0.1335265
297,cju2i03ptvkiu0799xbbd4det,kvasir_seg,train,0.08096313,0.03401184,0.00320435,0.00663429,0.01501595
298,cju7b4mtw1n9n080186209f3d,kvasir_seg,train,0.0426178,0.02322388,0.00276184,0.00529339,0.01068302
299,cju414lf2l1lt0801rl3hjllj,kvasir_seg,train,0.14562988,0.09190369,0.17932129,0.05224838,0.11060325
300,cju1cyjb5qtie0993njqne9m3,kvasir_seg,train,0.50743103,0.07073975,0.01805115,0.03358165,0.04115131
301,cju2ij9uiic2l09933ljiv6gm,kvasir_seg,train,0.03640747,0.02661133,0.00921631,0.01221322,0.01620364
302,cju3x9lttikfb0818a0g104zn,kvasir_seg,train,0.05377197,0.02912903,0.00456238,0.00791982,0.01416794
303,cju7arvfe1ldu0850erdmphgj,kvasir_seg,train,0.15203857,0.04504395,0.00552368,0.01090518,0.02097022
304,cju7b2l561oas0871decgslaf,kvasir_seg,train,0.0877533,0.03242493,0.00395203,0.00951084,0.01558519
305,cju1hp9i2xu8e0988u2dazk7m,kvasir_seg,train,0.12823486,0.04060364,0.00526428,0.00819412,0.01851201
306,cju13cgqmnhwn0988yrainhcp,kvasir_seg,train,0.12416077,0.03855896,0.00413513,0.00735132,0.01714833
307,cju88trl3ogi208716qvti51b,kvasir_seg,train,0.04830933,0.02401733,0.00526428,0.00916411,0.0129978
308,cju42xpi8lw4w0871ve317a1p,kvasir_seg,train,0.08770752,0.03265381,0.00556946,0.00645079,0.01531338
309,cju6vifjlv55z0987un6y4zdo,kvasir_seg,train,0.61521912,0.07102966,0.02737427,0.03853948,0.04600322
310,cju3v664kh0px0818y4y7wolf,kvasir_seg,train,0.06118774,0.02713013,0.00450134,0.00841214,0.01359466
311,cju1f15k3w4ct0835cmde6ypo,kvasir_seg,train,0.13088989,0.04043579,0.0135498,0.01687831,0.02395845
312,cju8dn0c3u2v50801k8rvq02f,kvasir_seg,train,0.313797,0.06214905,0.02177429,0.0199834,0.03536819
313,cju3tsh4lfsok0987w6x3a0v1,kvasir_seg,train,0.37281799,0.08091736,0.05743408,0.04411716,0.06165815
314,cju45v0pungu40871acnwtmu5,kvasir_seg,train,0.14367676,0.04745483,0.01296997,0.01544491,0.02578216
315,cju2hdr06v2bq0799mbm3bks1,kvasir_seg,train,0.23571777,0.04388428,0.009552,0.01468459,0.02310808
316,cju2i8br1vqtd08784u6vmcjk,kvasir_seg,train,0.18608093,0.04759216,0.00611877,0.01537974,0.02341275
317,cju2m56cryvqd0801gtn2yp8t,kvasir_seg,train,0.03979492,0.02171326,0.00213623,0.00487857,0.00981089
318,cju88aq6vo1ij0755c2ey7z7n,kvasir_seg,train,0.23947144,0.05265808,0.01138306,0.01627137,0.02729581
319,cju2rqo702wpx0855fn7d5cxh,kvasir_seg,train,0.0291748,0.01885986,0.00334167,0.00256713,0.00854068
320,cju5yeqiwmkgl0801fzv2douc,kvasir_seg,train,0.20707703,0.07330322,0.13218689,0.0940036,0.10012262
321,cju30ajhw09sx0988qyahx9s8,kvasir_seg,train,0.28263855,0.08650208,0.07600403,0.07430925,0.07916991
322,cju41lojblbs307555jdci937,kvasir_seg,train,0.05975342,0.02592468,0.00520325,0.00535589,0.01250154
323,cju1c0qb4tzi308355wtsnp0y,kvasir_seg,train,0.34892273,0.06951904,0.06607056,0.11162355,0.08094342
324,cju1fr4etsmrr09933u4t4aql,kvasir_seg,train,0.27960205,0.05574036,0.00958252,0.01450334,0.02721401
325,cju5f0dezct4q08183ydw11dx,kvasir_seg,train,0.10150146,0.03849792,0.00791931,0.00979328,0.01918402
326,cju30ov1oah920801mi8thuyg,kvasir_seg,train,0.03121948,0.01896667,0.00289917,0.00491759,0.00912832
327,cju45t5ddnbio0987qtqzx762,kvasir_seg,train,0.12117004,0.03964233,0.00547791,0.01105221,0.01910775
328,cju84dsvaklpx098750hp83x4,kvasir_seg,train,0.38174438,0.07478333,0.07714844,0.09138571,0.08059183
329,cju2oi8sq0i2y0801mektzvw8,kvasir_seg,train,0.76443481,0.08862305,0.27522278,0.52268863,0.28415263
330,cju3518w2d838079939fqztbc,kvasir_seg,train,0.17048645,0.04421997,0.01480103,0.02340235,0.02767805
331,cju3xhpvvimda0987ygrpzni2,kvasir_seg,train,0.08818054,0.03630066,0.00617981,0.01109367,0.01819626
332,cju8aqq8uqmoq0987hphto9gg,kvasir_seg,train,0.26538086,0.06002808,0.01919556,0.03014311,0.03677121
333,cju2r2obh2bjm08553kng0rh7,kvasir_seg,train,0.20245361,0.04924011,0.0103302,0.01358094,0.02492389
334,cju8b7aqtr4a00987coba14b7,kvasir_seg,train,0.03504944,0.02192688,0.00265503,0.00350877,0.0096563
335,cju8c3xs7sauj0801ieyzezr5,kvasir_seg,train,0.22665405,0.05215454,0.01019287,0.01397904,0.0260153
336,cju6yywx1whbb0871ksgfgf9f,kvasir_seg,train,0.08384705,0.03108215,0.00486755,0.00644819,0.01451685
337,cju88cddensj00987788yotmg,kvasir_seg,train,0.05648804,0.02607727,0.00210571,0.00495871,0.01135166
338,cju7ey10f2rvf0871bwbi9x82,kvasir_seg,train,0.05924988,0.02726746,0.00405884,0.00663888,0.01295587
339,cju5h57xedz5h0755mjpc8694,kvasir_seg,train,0.38139343,0.06091309,0.0105896,0.02445873,0.03236356
340,cju6ywm40wdbo0987pbftsvtg,kvasir_seg,train,0.14692688,0.04174805,0.00584412,0.01340137,0.02067767
341,cju1alwgo30z60855fm3y23sm,kvasir_seg,train,0.0849762,0.03613281,0.00552368,0.0077092,0.01689253
342,cju30xqmh0ni00835ix3batv1,kvasir_seg,train,0.20243835,0.05586243,0.03076172,0.02828992,0.03880543
343,cju2hgsptlfam0835o3b59h1o,kvasir_seg,train,0.02482605,0.0171051,0.0017395,0.00377626,0.00772849
344,cju8c9akjsdjj0850s67uzlxq,kvasir_seg,train,0.12124634,0.03791809,0.00592041,0.00901354,0.01804754
345,cju2y40d8ulqo0993q0adtgtb,kvasir_seg,train,0.13331604,0.04093933,0.01933289,0.01798476,0.02649071
346,cju7d7aut2a2p0818z4uxc6cd,kvasir_seg,train,0.01693726,0.01501465,0.00108337,0.00302297,0.0065412
347,cju2yv4imv6cz099314jveiib,kvasir_seg,train,0.11010742,0.03507996,0.01329041,0.01653613,0.02189047
348,cju5yclrymlgj0818k426ud6z,kvasir_seg,train,0.08407593,0.03340149,0.00502014,0.00647216,0.01538922
349,cju439oazm2fu0871ma0vvrft,kvasir_seg,train,0.16830444,0.07147217,0.10891724,0.11048132,0.09628069
350,cju2r6mt2om21099352pny5gw,kvasir_seg,train,0.30566406,0.05862427,0.0072937,0.01340989,0.02709426
351,cju2phaksnahz0993yxogjcpv,kvasir_seg,train,0.04759216,0.02571106,0.00280762,0.00682845,0.01203007
352,cju31t8xd17bk0835rnb893jk,kvasir_seg,train,0.00585938,0.0115509,0.00378418,0.00200531,0.00596887
353,cju2ricdv2iys0878sv1adh0u,kvasir_seg,train,0.74569702,0.08361816,0.07992554,0.06719375,0.07739842
354,cju6wll7wvo3y08502pagos8m,kvasir_seg,train,0.2225647,0.05680847,0.00842285,0.01781316,0.02817491
355,cju3u815rg4ek0850vvhtcvcm,kvasir_seg,train,0.44862366,0.07446289,0.02531433,0.02404898,0.04213672
356,cju8cgi2kspp308011nxdtjp6,kvasir_seg,train,0.02935791,0.0184021,0.0019989,0.00461475,0.00852478
357,cju2zjcvj9qma0801dk71hhi0,kvasir_seg,train,0.36894226,0.09669495,0.15518188,0.13370177,0.12826742
358,cju7dvl5m2n4t0755hlnnjjet,kvasir_seg,train,0.02780151,0.01818848,0.00262451,0.00317384,0.0082367
359,cju6xa0qmvzun0818xjukgncj,kvasir_seg,train,0.11405945,0.03633118,0.00878906,0.01047548,0.01893473
360,cju418rckl3ur08012psrx1r1,kvasir_seg,train,0.1360321,0.03955078,0.00869751,0.01154382,0.02035005
361,cju1ddr6p4k5z08780uuuzit2,kvasir_seg,train,0.03179932,0.02142334,0.00331116,0.00539513,0.01027561
362,cju41nz76lcxu0755cya2qefx,kvasir_seg,train,0.18327332,0.05033875,0.01200867,0.01338459,0.02583697
363,cju2qz06823a40878ojcz9ccx,kvasir_seg,train,0.10745239,0.03721619,0.02328491,0.01315756,0.02512265
364,cju88vx2uoocy075531lc63n3,kvasir_seg,train,0.03329468,0.0194397,0.0019989,0.00456448,0.00887285
365,cju6z7e4bwgdd0987ogkzq9kt,kvasir_seg,train,0.14738464,0.04682922,0.01948547,0.02226177,0.02988867
366,cju5fw37edaae0801vkwvocn7,kvasir_seg,train,0.09257507,0.03396606,0.00350952,0.00678286,0.01515131
367,cju1c4fcu40hl07992b8gj0c8,kvasir_seg,train,0.05438232,0.02571106,0.00354004,0.0059085,0.01201043
368,cju17z0qongpa0993de4boim4,kvasir_seg,train,0.05073547,0.02497864,0.00392151,0.00567791,0.01181842
369,cju303j5r062k098835zxfds5,kvasir_seg,train,0.08248901,0.03120422,0.00476074,0.00569281,0.01429558
370,cju87mrypnb1e0818scv1mxxg,kvasir_seg,train,0.04089355,0.02366638,0.00582886,0.00801483,0.01272778
371,cju85fc11ljr40818edpb0inh,kvasir_seg,train,0.31900024,0.05891418,0.00643921,0.01832662,0.02837167
372,cju33x0f22peh0988g0ln7w5v,kvasir_seg,train,0.02693176,0.0176239,0.00744629,0.00364964,0.00986946
373,cju1djtprvd7b0988thwwrg09,kvasir_seg,train,0.05958557,0.02896118,0.00550842,0.00896607,0.01475418
374,cju8bgdmqrksy0801tozdmraa,kvasir_seg,train,0.04273987,0.02212524,0.00233459,0.00420554,0.0098226
375,cju2z2x3nvd3c099350zgty7w,kvasir_seg,train,0.06565857,0.02832031,0.00396729,0.00702843,0.01340919
376,cju83qd0yjyht0817ktkfl268,kvasir_seg,train,0.42086792,0.07403564,0.0247345,0.03724011,0.04574158
377,cju8b542nr81x0871uxnkm9ih,kvasir_seg,train,0.01947021,0.01506042,0.00416565,0.00405509,0.00794565
378,cju2m71z2ywwv080131bcrsd3,kvasir_seg,train,0.08892822,0.0335083,0.00843811,0.01552326,0.01933822
379,cju2nguelpmlj0835rojdn097,kvasir_seg,train,0.16598511,0.04516602,0.0068512,0.01423058,0.0224752
380,cju8cwy02t9eq08185qn12c02,kvasir_seg,train,0.12963867,0.03253174,0.01148987,0.01167175,0.01890909
381,cju35c4wzdhow0799h6eq4sgs,kvasir_seg,train,0.1219635,0.04017639,0.01568604,0.01803294,0.02496173
382,cju1dg44i4z3w0801nyz4p6zf,kvasir_seg,train,0.00868225,0.01445007,0.00177002,0.00299615,0.00657588
383,cju2qs32r1vys07999conmbvx,kvasir_seg,train,0.01644897,0.01460266,0.00241089,0.0031499,0.00689971
384,cju77q10sz9ug0801449wu1nu,kvasir_seg,train,0.10183716,0.04222107,0.02760315,0.01437742,0.0287517
385,cju6wuojavt740818b5qcv3iw,kvasir_seg,train,0.26983643,0.0579834,0.0135498,0.02248196,0.03178121
386,cju7dhpsc2dnn0818025m6857,kvasir_seg,train,0.49221802,0.06713867,0.02687073,0.0453586,0.04651087
387,cju7el6xv2k520817qxx9wdr5,kvasir_seg,train,0.25227356,0.05525208,0.02148438,0.02824762,0.03533204
388,cju7f5ghb2r5s0801chwkxxh9,kvasir_seg,train,0.29788208,0.0610199,0.01785278,0.01611919,0.03244119
389,cju3yb47cj1xq0817zfotbni4,kvasir_seg,train,0.12927246,0.0393219,0.01899719,0.01652266,0.02536848
390,cju2i3hzclw3o0988rrgh911i,kvasir_seg,train,0.31149292,0.06108093,0.08998108,0.06802662,0.07327969
391,cju3280wv1ir009882jze27tc,kvasir_seg,train,0.14642334,0.04144287,0.00817871,0.01375508,0.02149408
392,cju34sh43d8zm08019xbwhc0o,kvasir_seg,train,0.11709595,0.04223633,0.00450134,0.00812471,0.0187956
393,cju30ia8da2bq0799klnehml2,kvasir_seg,train,0.44493103,0.06971741,0.32447815,0.1057763,0.16970134
394,cju2zblxw9848087853csbrx1,kvasir_seg,train,0.09234619,0.03659058,0.00665283,0.01127069,0.0185164
395,cju7et17a2vjk0755e743npl1,kvasir_seg,train,0.04019165,0.032547,0.3575592,0.05858191,0.15411174
396,cju2rz4k434s70855wwx3ddtx,kvasir_seg,train,0.15179443,0.06544495,0.05473328,0.05086536,0.05732199
397,cju7da88w2eod0755wejzynvt,kvasir_seg,train,0.03450012,0.01960754,0.00279236,0.00611559,0.00967464
398,cju7d1tvt25bu08019dvw3uff,kvasir_seg,train,0.27819824,0.05055237,0.06326294,0.06927457,0.06061773
399,cju5wqonpm0e60801z88ewmy1,kvasir_seg,train,0.04400635,0.0231781,0.0039978,0.00465421,0.01090783
400,cju3uz4o6gr9z0850lhxyxvsj,kvasir_seg,train,0.20703125,0.04833984,0.01390076,0.01386911,0.02594494
401,cju2wx0gh7fpz0878wwyd9ep8,kvasir_seg,train,0.05908203,0.02720642,0.00234985,0.00587128,0.01210608
402,cju7es23b2vcp0755gpbm9s7v,kvasir_seg,train,0.37388611,0.05514526,0.01882935,0.01764724,0.03118529
403,cju1hirfi7ekp0855q0vgm9qq,kvasir_seg,train,0.04679871,0.02331543,0.00370789,0.00472958,0.01087703
404,cju1gi7jlwyld0835cdf6g6qz,kvasir_seg,train,0.04721069,0.02430725,0.00390625,0.00594773,0.01165905
405,cju34xspwzenf0993cyzajv9n,kvasir_seg,train,0.18882751,0.06445312,0.04307556,0.05354323,0.05369801
406,cju5uget8krjy0818kvywd0zu,kvasir_seg,train,0.03749084,0.02186584,0.00270081,0.00418753,0.00985459
407,cju8abobpqbir08189u01huru,kvasir_seg,train,0.10766602,0.02592468,0.00285339,0.00794075,0.01245455
408,cju412uwlkva50850d1ps1ww7,kvasir_seg,train,0.40618896,0.07312012,0.01689148,0.03190597,0.04107585
409,cju324q101fhe08350wae9cif,kvasir_seg,train,0.09817505,0.03688049,0.00495911,0.00623112,0.0165132
410,cju85l4yjlops0801fvmnwptf,kvasir_seg,train,0.35061646,0.06185913,0.0458374,0.07463682,0.06008483
411,cju5wcc90lu020850mjrxppv6,kvasir_seg,train,0.10510254,0.03846741,0.01705933,0.01558728,0.02411054
412,cju2y8s56ymqr083541ggdsml,kvasir_seg,train,0.09269714,0.03791809,0.00982666,0.01147802,0.02015407
413,cju1egx9pvz2n0988eoy8jp23,kvasir_seg,train,0.01618958,0.01365662,0.00131226,0.00182407,0.00578633
414,cju0roawvklrq0799vmjorwfv,kvasir_seg,train,0.1088562,0.04568481,0.05480957,0.01482113,0.03961938
415,cju40jl7skiuo0817p0smlgg8,kvasir_seg,train,0.31651306,0.07023621,0.04846191,0.0564316,0.05847382
416,cju1h89h6xbnx08352k2790o9,kvasir_seg,train,0.08403015,0.03094482,0.0032196,0.00842658,0.01448553
417,cju183od81ff608017ekzif89,kvasir_seg,train,0.15232849,0.05953979,0.01794434,0.02859478,0.03569788
418,cju7bf1lp1shi081835vs84lc,kvasir_seg,train,0.36289978,0.06361389,0.04327393,0.0638596,0.05656862
419,cju8bzzy2s66m08016z6mouqt,kvasir_seg,train,0.06802368,0.02775574,0.00390625,0.00792909,0.01346042
420,cju77bvg0yv4r0987yh60xmjo,kvasir_seg,train,0.0769043,0.02922058,0.00663757,0.00742214,0.014777
421,cju77j66ez52p08019xygi0co,kvasir_seg,train,0.03125,0.02018738,0.00657654,0.00523382,0.01093752
422,cju6xifswvwbo0987nibtdr50,kvasir_seg,train,0.33839417,0.05760193,0.0304718,0.04766313,0.04512474
423,cju2i6acqvo6l0799u20fift8,kvasir_seg,train,0.13818359,0.04270935,0.00549316,0.00853258,0.01943066
424,cju8432cmkgq90871cxe4iptl,kvasir_seg,train,0.30093384,0.06236267,0.01387024,0.02047395,0.0328237
425,cju7fd6yt2p740987wkr8exo1,kvasir_seg,train,0.03089905,0.01895142,0.00169373,0.00343398,0.00825599
426,cju3xwpgviwlx0871rwm15q7v,kvasir_seg,train,0.07019043,0.02828979,0.00694275,0.01114559,0.01567507
427,cju8aeei7q8k308173n9y4klv,kvasir_seg,train,0.06620789,0.02864075,0.0027771,0.0070087,0.01309886
428,cju785htizjzo08017tvlhtg4,kvasir_seg,train,0.10212708,0.03401184,0.00506592,0.00726634,0.01585712
429,cju1cnnziug1l0835yh4ropyg,kvasir_seg,train,0.19285583,0.05570984,0.03492737,0.03198956,0.04131989
430,cju8bn7m2rmm70817hgxpb1uq,kvasir_seg,train,0.22412109,0.05770874,0.01544189,0.02166431,0.03210202
431,cju83u9ftk3ni0987qnhlcinv,kvasir_seg,train,0.30450439,0.05671692,0.0131073,0.02627571,0.03232119
432,cju8418jhkf7d0818ga2v0xq0,kvasir_seg,train,0.41410828,0.06942749,0.00997925,0.02638809,0.03570879
433,cju7fbndk2sl608015ravktum,kvasir_seg,train,0.11047363,0.03752136,0.00550842,0.00944052,0.01789258
434,cju8cbsyssiqj0871gr4jedjp,kvasir_seg,train,0.14324951,0.04125977,0.00619507,0.01056004,0.0197772
435,cju2zkpdl9h7t0799ix60teqg,kvasir_seg,train,0.04647827,0.02479553,0.0037384,0.00918614,0.01274272
436,cju2s16zp317h0799gr67jqc2,kvasir_seg,train,0.2850647,0.05857849,0.01449585,0.01896764,0.03126631
437,cju320gyvbch60801v2amdi2g,kvasir_seg,train,0.20756531,0.07461548,0.06144714,0.0569765,0.06471487
438,cju890guyoiti098753yg6cdu,kvasir_seg,train,0.11390686,0.03842163,0.0401001,0.01766624,0.03278248
439,cju5x28nzm7t907558ocq4bt7,kvasir_seg,train,0.13873291,0.04231262,0.01170349,0.02143978,0.02533757
440,cju8adb60qbiu080188mxpf8d,kvasir_seg,train,0.08009338,0.02992249,0.00439453,0.00651859,0.01396653
441,cju85a8h8llwm07559wxg4t5w,kvasir_seg,train,0.05897522,0.02722168,0.00216675,0.00554309,0.01194888
442,cju1drnhbrb9409935wi7vkhg,kvasir_seg,train,0.365448,0.08081055,0.10887146,0.09504501,0.0949022
443,cju6xmqd9w0250817l5kxfnsk,kvasir_seg,train,0.11013794,0.03131104,0.00415039,0.00599322,0.01420946
444,cju3xvoo2iqlc0817eku2r3wl,kvasir_seg,train,0.05114746,0.02024841,0.00462341,0.00590559,0.01047682
445,cju2rkjfwoxys0993x768l1j2,kvasir_seg,train,0.2771759,0.06492615,0.03486633,0.02267164,0.04172886
446,cju85hguellg50818kwu3s8d1,kvasir_seg,train,0.39994812,0.04667664,0.02655029,0.03118084,0.03498368
447,cju5hl8nee8a40755fm8qjj0o,kvasir_seg,train,0.04966736,0.02436829,0.00384521,0.00779708,0.01221385
448,cju42nm68lpyo0818xvvqmupq,kvasir_seg,train,0.16542053,0.04798889,0.01309204,0.01730337,0.02656934
449,cju3y9difj6th0801kd1rqm3w,kvasir_seg,train,0.09954834,0.03030396,0.00202942,0.0079598,0.01370462
450,cju8bqxxurs6i0850mu7mtef9,kvasir_seg,train,0.12892151,0.03953552,0.00979614,0.01010013,0.02029612
451,cju2ysg748ru80878sp6j0gm0,kvasir_seg,train,0.3052063,0.065979,0.04240417,0.04426721,0.05121428
452,cju6v1m1xv07w09870ah3njy1,kvasir_seg,train,0.06044006,0.03689575,0.03605652,0.05203307,0.04114322
453,cju2z1nxlzaj40835wj81s1iy,kvasir_seg,train,0.22116089,0.05389404,0.01461792,0.02307799,0.03090258
454,cju76l27oyrw907551ri2a7fl,kvasir_seg,train,0.26089478,0.05775452,0.07827759,0.05926877,0.06539187
455,cju8a56vxpy780850r45yu4wk,kvasir_seg,train,0.12521362,0.04199219,0.01535034,0.02215864,0.02671748
456,cju7d5m0p23kn09871rk7pu3v,kvasir_seg,train,0.38047791,0.07292175,0.0090332,0.02412323,0.0359212
457,cju85je7vlht70817c9jcjwi4,kvasir_seg,train,0.35829163,0.067276,0.04321289,0.01710697,0.0438032
458,cju16jgnyzp970878melv7r25,kvasir_seg,train,0.11637878,0.04025269,0.01071167,0.00986637,0.02079744
459,cju3u1c8tfyqx08503iedc3mx,kvasir_seg,train,0.15232849,0.04777527,0.01972961,0.01808472,0.02905213
460,cju2hfqnmhisa0993gpleeldd,kvasir_seg,train,0.01905823,0.02201843,0.10832214,0.02924369,0.05439231
461,cju1hyolc7aqu0878rrkfn1lr,kvasir_seg,train,0.07650757,0.03034973,0.01147461,0.00688544,0.01670415
462,cju32phw2bv130801yj7bkouq,kvasir_seg,train,0.56280518,0.0879364,0.12211609,0.11533343,0.1081184
463,cju40m0rjkpw80871z6n6yg1u,kvasir_seg,train,0.21482849,0.06892395,0.26251221,0.12192734,0.15258086
464,cju843yjskhq30818qre4rwm2,kvasir_seg,train,0.05459595,0.03063965,0.00476074,0.00622002,0.01425614
465,cju7ecl9i2i060987xawjp4l0,kvasir_seg,train,0.23577881,0.06030273,0.02497864,0.03135053,0.03925364
466,cju1dfeupuzlw0835gnxip369,kvasir_seg,train,0.0712738,0.02813721,0.00585938,0.0060753,0.01372139
467,cju7f6cqy2ur20818t1saazbm,kvasir_seg,train,0.1269989,0.04226685,0.0196228,0.0149369,0.02614245
468,cju8c82iosagu0817l74s4m5g,kvasir_seg,train,0.36355591,0.07662964,0.06674194,0.04109816,0.0625095
469,cju2ma647l0nj0993ot4deq2q,kvasir_seg,train,0.12820435,0.04930115,0.04486084,0.0469704,0.04704782
470,cju5buy2bal250818ipl6fqwv,kvasir_seg,train,0.15962219,0.04885864,0.02757263,0.02935236,0.03555665
471,cju45lbgznahl08180xz1h7u6,kvasir_seg,train,0.09512329,0.03309631,0.00643921,0.01238507,0.01755295
472,cju8buos5rz9b08715lfr0f4f,kvasir_seg,train,0.21554565,0.05137634,0.0124054,0.02055785,0.02849096
473,cju358pwtdby20878cg7nm0np,kvasir_seg,train,0.04473877,0.02386475,0.00517273,0.00568247,0.01186786
474,cju3xzvnzj0hd0755xprz39nj,kvasir_seg,train,0.35565186,0.06011963,0.02175903,0.03202122,0.0382639
475,cju5xneamme2p0801qdf7fdwv,kvasir_seg,train,0.0544281,0.02633667,0.00509644,0.00836822,0.01351205
476,cju42dwedlmk60871jbgu4ehi,kvasir_seg,train,0.16207886,0.04794312,0.00970459,0.01124219,0.02354935
477,cju32srle1xfq083575i3fl75,kvasir_seg,train,0.06314087,0.02793884,0.00448608,0.00956331,0.01421772
478,cju87kbcen2av0987usezo8kn,kvasir_seg,train,0.06097412,0.03747559,0.14266968,0.06755983,0.08331879
479,cju7ebe962hr409872ovibahw,kvasir_seg,train,0.43740845,0.07887268,0.17773438,0.17129979,0.14120241
480,cju426tomlhll0818fc0i7nvh,kvasir_seg,train,0.05613708,0.02539062,0.00500488,0.00563062,0.01232761
481,cju5bhv81abur0850ean02atv,kvasir_seg,train,0.16429138,0.0486145,0.0138855,0.01454408,0.02623822
482,cju2np2k9zi3v079992ypxqkn,kvasir_seg,train,0.10055542,0.03948975,0.00491333,0.01044268,0.01867388
483,cju5hjxaae3i40850h5z2laf5,kvasir_seg,train,0.16418457,0.04792786,0.01098633,0.01865417,0.02621621
484,cju13fwthn9mq0835gacxgy01,kvasir_seg,train,0.13833618,0.04240417,0.00987244,0.01372508,0.02241434
485,cju5i5oh2efg60987ez6cpf72,kvasir_seg,train,0.29420471,0.06282043,0.0148468,0.03063486,0.03637399
486,ck2bxw18mmz1k0725litqq2mc,kvasir_seg,train,0.3056488,0.07133484,0.06161499,0.02933491,0.05533291
487,cju7er4kc2opa0801anuxc0eb,kvasir_seg,train,0.17311096,0.04634094,0.01118469,0.01489889,0.02460364
488,cju5bj926aiec07559rshy4wa,kvasir_seg,train,0.04023743,0.02282715,0.00202942,0.00405288,0.00991566
489,cju88rl5eo94l0850kf5wtrm1,kvasir_seg,train,0.29907227,0.06472778,0.01983643,0.03981224,0.04154115
490,cju41r6v2lcww0871ps8k8pf5,kvasir_seg,train,0.1917572,0.04904175,0.00740051,0.01497034,0.02424589
491,cju8bysfgrzkl081786jwac09,kvasir_seg,train,0.17428589,0.04373169,0.0062561,0.00981963,0.02044162
492,cju6v3bb2v7xo085090blubyw,kvasir_seg,train,0.11782837,0.06243896,0.34487915,0.12887345,0.18122338
493,cju30bmab08bi0835mvlr6e0r,kvasir_seg,train,0.0978241,0.03366089,0.00688171,0.00748218,0.01643457
494,cju85omszllp30850b6rm9mi3,kvasir_seg,train,0.12243652,0.03453064,0.00788879,0.01270138,0.01865721
495,cju3xuj20ivgp0818mij8bjrd,kvasir_seg,train,0.02966309,0.0178833,0.00775146,0.00734673,0.01117619
496,cju2xs6na81t20878pt6nkfip,kvasir_seg,train,0.23524475,0.06072998,0.03459167,0.04278367,0.04619768
497,cju34c1xfyz920993itxkkfad,kvasir_seg,train,0.25715637,0.05984497,0.06004333,0.03298729,0.05185709
498,cju1ats0y372e08011yazcsxm,kvasir_seg,train,0.15626526,0.04208374,0.01107788,0.01090439,0.02187788
499,cju2nbdpmlmcj0993s1cht0dz,kvasir_seg,train,0.25393677,0.06103516,0.07731628,0.07649124,0.07137038
500,cju8bpctzrqkr0850zeldv9kt,kvasir_seg,train,0.07772827,0.0304718,0.00526428,0.00886903,0.01516834
501,cju7afqon1ip40850ue2308b6,kvasir_seg,train,0.04737854,0.02670288,0.00306702,0.00493029,0.01189855
502,cju3xeexgii1j0817zs68tb4g,kvasir_seg,train,0.33860779,0.08335876,0.06770325,0.05381022,0.06901477
503,cju5eq8c8ck690850vix98hv3,kvasir_seg,train,0.30911255,0.0642395,0.02397156,0.03943444,0.0427042
504,cju7dsrtb2f8i085064kwugfk,kvasir_seg,train,0.08377075,0.03465271,0.00822449,0.00858465,0.01758241
505,cju3tx1qyg0c907552fglumhc,kvasir_seg,train,0.07865906,0.02868652,0.00506592,0.00811978,0.01424929
506,cju5hwonqedw10801vsd3w6kk,kvasir_seg,train,0.112854,0.03807068,0.00523376,0.00800263,0.01755734
507,cju88y1mwoln50871emyfny1g,kvasir_seg,train,0.35375977,0.06680298,0.02000427,0.03790881,0.04175518
508,cju7crgxa28550755wbsgqkel,kvasir_seg,train,0.14562988,0.04200745,0.01756287,0.01224884,0.02452426
509,cju43mkj9m8wb0871qiadahub,kvasir_seg,train,0.1002655,0.03416443,0.00508118,0.00705316,0.01585191
510,cju2xf8e5y2wm08359vcgk09b,kvasir_seg,train,0.35261536,0.05128479,0.01641846,0.04135119,0.03610149
511,cju6ur9l9v9jq0755paud9uka,kvasir_seg,train,0.02986145,0.01971436,0.00517273,0.00530365,0.01030158
512,cju5gucasds9d0801019axylx,kvasir_seg,train,0.0209198,0.01589966,0.00193787,0.00337887,0.00725679
513,cju5cetivauok0987ok3e5bre,kvasir_seg,train,0.13687134,0.04064941,0.00758362,0.01053983,0.02004351
514,cju5fs6j6d8350801vglraq4u,kvasir_seg,train,0.22720337,0.0526123,0.02915955,0.02546693,0.03626023
515,cju2nd7l7z98o0799gfjvyfmw,kvasir_seg,train,0.18572998,0.04376221,0.0287323,0.02562028,0.03305916
516,cju5ktjwofed70817eg58ef7u,kvasir_seg,train,0.10678101,0.03761292,0.00637817,0.01545086,0.02003214
517,cju5boicjagt20871b1fotkh4,kvasir_seg,train,0.31651306,0.05477905,0.01220703,0.02644142,0.03137756
518,cju34i3qvcyog0855qiejxx5w,kvasir_seg,train,0.2868042,0.07218933,0.0415802,0.0493726,0.05463112
519,cju8c2rqzs5t80850d0zky5dy,kvasir_seg,train,0.31156921,0.07218933,0.03416443,0.05842849,0.05475236
520,cju5ukkg6kv7u08011x2b6zl5,kvasir_seg,train,0.16290283,0.04315186,0.01667786,0.02282393,0.02778758
521,cju8bm24yrrdp081829mbo8ic,kvasir_seg,train,0.07659912,0.03118896,0.00418091,0.00625962,0.01425734
522,cju1d31sp4d4k0878r3fr02ul,kvasir_seg,train,0.08210754,0.03118896,0.00531006,0.00840199,0.01529525
523,cju7bduyq1rjf08719giru9ho,kvasir_seg,train,0.12028503,0.03683472,0.00735474,0.00899559,0.01816498
524,cju6x97w4vwua0850x0997r0a,kvasir_seg,train,0.07865906,0.03338623,0.00881958,0.00684552,0.01682569
525,cju83syhdk6gs0801rf1rekdl,kvasir_seg,train,0.09208679,0.03346252,0.00491333,0.0057085,0.0151441
526,cju7csvlb22fr0850lvm45n3x,kvasir_seg,train,0.29415894,0.05810547,0.10470581,0.1009744,0.08727627
527,cju2uy8ox62jo0801g88hh42z,kvasir_seg,train,0.0639801,0.03033447,0.0025177,0.00523233,0.01306796
528,cju14pxbaoksp0835qzorx6g6,kvasir_seg,train,0.07171631,0.02893066,0.00497437,0.0089883,0.01456325
529,cju7dglf226g50987ohbthl19,kvasir_seg,train,0.16917419,0.06124878,0.04981995,0.0220758,0.04549679
530,cju2uzabhs6er0993x3aaf87p,kvasir_seg,train,0.10136414,0.04415894,0.02110291,0.02198431,0.02943694
531,cju1euuc65wm00799m4sjdnnn,kvasir_seg,train,0.03759766,0.02124023,0.00231934,0.00454106,0.00960817
532,cju1ffnjn6ctm08015perkg37,kvasir_seg,train,0.20880127,0.05357361,0.03027344,0.03527935,0.03993027
533,cju32pzh9bpw10855q4vaxfhe,kvasir_seg,train,0.05488586,0.02555847,0.00526428,0.01269201,0.01459557
534,cju2wtwj87kys0855kx6mddzw,kvasir_seg,train,0.41188049,0.07530212,0.05085754,0.08619772,0.0700152
535,cju8aw9n1qyg10801jkjlmors,kvasir_seg,train,0.25904846,0.05880737,0.04812622,0.05837702,0.05493986
536,cju6vrs1ov8cr098788h8gs6j,kvasir_seg,train,0.05081177,0.0262146,0.00697327,0.00784285,0.01396861
537,cju2qvuj1s9ok0835tp2k4ozh,kvasir_seg,train,0.31060791,0.06668091,0.09384155,0.09297856,0.08407643
538,cju77b3wyz4160755qis4ljsb,kvasir_seg,train,0.04257202,0.02331543,0.00584412,0.00527202,0.01178745
539,cju17x0j4nfc10993y31pvlgs,kvasir_seg,train,0.70204163,0.05528259,0.30889893,0.13803217,0.16887318
540,cjyzkmjy8evns070165gf9dmq,kvasir_seg,train,0.09733582,0.03424072,0.00456238,0.00964379,0.01647422
541,cju784jpdzeae0987q5ypq883,kvasir_seg,train,0.10926819,0.03106689,0.01211548,0.01179231,0.01865152
542,cju87vqa0ndwg0850onjdz7ol,kvasir_seg,train,0.67320251,0.07644653,0.09938049,0.07442215,0.0838661
543,cjyzuio1qgh040763k56deohv,kvasir_seg,train,0.01252747,0.01261902,0.00091553,0.00189568,0.00530579
544,cju1erep75us208553i4ofwwe,kvasir_seg,train,0.1774292,0.05027771,0.02024841,0.01484574,0.02913787
545,cju41s6nbleqy0755e2mslg0b,kvasir_seg,train,0.09103394,0.03173828,0.00473022,0.00726877,0.01494461
546,cju1ejj7dvqfa0835ra184v5m,kvasir_seg,train,0.14949036,0.05116272,0.04388428,0.01771918,0.0385822
547,cju8bk8oirjhw0817hgkua2w8,kvasir_seg,train,0.29426575,0.06562805,0.01927185,0.02363628,0.03680585
548,cju7d8m3b2e210755l8fj1yph,kvasir_seg,train,0.270401,0.0587616,0.04029846,0.06811041,0.05510414
549,cju34o6dbd2lo0855aqlcy1hs,kvasir_seg,train,0.04640198,0.01878357,0.00372314,0.00492734,0.00935555
550,cju2wve9v7esz0878mxsdcy04,kvasir_seg,train,0.05497742,0.02490234,0.00282288,0.00605154,0.01151929
551,cju2rlqdnoz9k0993cpjae3x0,kvasir_seg,train,0.17472839,0.04792786,0.01663208,0.03260778,0.03237831
552,cju30k2z40ds308353kdew70n,kvasir_seg,train,0.08721924,0.03211975,0.00636292,0.00709269,0.01559674
553,cju5y7buemcw80987p0r30g9f,kvasir_seg,train,0.14640808,0.04534912,0.00671387,0.01050192,0.02137262
554,cju8cdeazsm8h0801jxifmzur,kvasir_seg,train,0.12733459,0.0382843,0.00532532,0.00872624,0.01788124
555,cju2qqn5ys4uo0988ewrt2ip2,kvasir_seg,train,0.51408386,0.07917786,0.01826477,0.03513066,0.04464412
556,cju2xyd9vyi7m098831qcucse,kvasir_seg,train,0.22286987,0.0566864,0.01025391,0.01595711,0.02821624
557,cju34ds2531520988qjpqt6e3,kvasir_seg,train,0.18188477,0.05560303,0.04354858,0.02533309,0.04230299
558,cju88fpm4o0tl0871w1i6a4ds,kvasir_seg,train,0.02330017,0.01750183,0.00645447,0.00768754,0.01069097
559,cju6vvxsev9y30987kespucdg,kvasir_seg,train,0.0750885,0.02992249,0.0042572,0.00557158,0.01363436
560,cju2srvy5440s0801y1ba9akr,kvasir_seg,train,0.31745911,0.07008362,0.04579163,0.03507847,0.05107988
561,cju2x7vw87mu30878hye2ca0m,kvasir_seg,train,0.20236206,0.06776428,0.02859497,0.03585902,0.04448345
562,cju1gghyjwxt80835vx0wgxw0,kvasir_seg,train,0.2098999,0.05310059,0.03153992,0.01826406,0.03510339
563,cju42m60jlpcm08186kqppzqv,kvasir_seg,train,0.07963562,0.03289795,0.0065155,0.01074277,0.01701754
564,cju3128yi0rpu0988o4oo5n8n,kvasir_seg,train,0.0406189,0.02268982,0.00404358,0.00651816,0.01131214
565,cju1c8ffau5770835g0g343o8,kvasir_seg,train,0.03564453,0.02168274,0.00297546,0.00443864,0.00996196
566,ck2bxlujamu330725szlc2jdu,kvasir_seg,train,0.0380249,0.0226593,0.01142883,0.00425759,0.01320813
567,cju3v0fl3gwce0755qkjhzmd4,kvasir_seg,train,0.21792603,0.05145264,0.00714111,0.01607859,0.02533139
568,cju30u1hbakn808019g15nb8b,kvasir_seg,train,0.0713501,0.03039551,0.00860596,0.00914375,0.01639364
569,cju3u4lxmg59o0755rz42b9en,kvasir_seg,train,0.13386536,0.04170227,0.01242065,0.01588599,0.02370882
570,cjyzurzvohqnr0794es1itzek,kvasir_seg,train,0.14732361,0.04240417,0.00756836,0.01166446,0.02098972
571,cju31ugmfb3dz0855xtqshki6,kvasir_seg,train,0.08128357,0.03016663,0.004776,0.00658316,0.01420487
572,cju8amfdtqi4x09871tygrgqe,kvasir_seg,train,0.13372803,0.04115295,0.01202393,0.01395159,0.02279739
573,cju0tl3uz8blh0993wxvn7ly3,kvasir_seg,train,0.00531006,0.00798035,0.00170898,0.00170065,0.00390146
574,cju160wshltz10993i1gmqxbe,kvasir_seg,train,0.02656555,0.01763916,0.00314331,0.00404031,0.00848596
575,cju5wrrs0m2af0818vmnajbtw,kvasir_seg,train,0.0226593,0.01664734,0.00215149,0.00353063,0.00763878
576,cju8cj10qsrau0871o2dr6ai1,kvasir_seg,train,0.0708313,0.02920532,0.00254822,0.00455685,0.01248079
577,cju2rzpsmtb0f0835jabkbao1,kvasir_seg,train,0.03045654,0.01907349,0.00636292,0.00423508,0.01017326
578,cju8bh8surexp0987o5pzklk1,kvasir_seg,train,0.22770691,0.05133057,0.020401,0.02079274,0.03134387
579,cju30ywtc0oar0835bp2en7ec,kvasir_seg,train,0.13945007,0.04072571,0.00593567,0.01046594,0.01947126
580,cju45jpvfn6c809873pv1i34s,kvasir_seg,train,0.1277771,0.03878784,0.0110321,0.01191776,0.02101231
581,cju7dubap2g0w0801fgl42mg9,kvasir_seg,train,0.25317383,0.06265259,0.04107666,0.06659749,0.05628448
582,cju5yjq1pmlgc0801z0t24bly,kvasir_seg,train,0.12446594,0.04389954,0.03562927,0.02521993,0.03540106
583,cju7emdni2py40871ivhxjtut,kvasir_seg,train,0.35446167,0.07263184,0.01158142,0.02847829,0.03801813
584,cju5klveuff6w0871wbibgh3m,kvasir_seg,train,0.03800964,0.02047729,0.00608826,0.0047939,0.01073611
585,cju7dqcwi2dz00850gcmr2ert,kvasir_seg,train,0.05453491,0.02505493,0.00852966,0.00748664,0.0140006
586,cju40taxlkrho0987smigg0x0,kvasir_seg,train,0.1018219,0.03582764,0.00590515,0.00932861,0.01740506
587,cju1fjsb4sipq09931lvd8e41,kvasir_seg,train,0.06925964,0.02702332,0.00726318,0.01184816,0.01555472
588,cju7b9vcs1luz0987ta60j1dy,kvasir_seg,train,0.13082886,0.03860474,0.01101685,0.01401538,0.02157217
589,cju2urqpwvxw70835rvndvtsi,kvasir_seg,train,0.03134155,0.0193634,0.00154114,0.00257515,0.00808913
590,cju8dpa89u6l80818dj6lldh9,kvasir_seg,train,0.11929321,0.04823303,0.09179688,0.03263168,0.05879997
591,cju7d6ux323ze0987xos3srkx,kvasir_seg,train,0.37380981,0.07411194,0.03341675,0.03943516,0.04946559
592,cju1h5w4wxajx0835mc954kxy,kvasir_seg,train,0.08454895,0.03320312,0.00733948,0.00914254,0.01693267
593,cju2nyc5f02m40801ojqbtiea,kvasir_seg,train,0.097229,0.02880859,0.00469971,0.00651292,0.01368178
594,cju8clorgsuwn08714toqb7v6,kvasir_seg,train,0.12420654,0.03999329,0.00856018,0.01641022,0.02191678
595,cju2uokeg5jm20799xwgsyz89,kvasir_seg,train,0.31184387,0.06845093,0.03239441,0.0243373,0.04259706
596,cju7dxffn2eam0817qxosfwch,kvasir_seg,train,0.17459106,0.05703735,0.01329041,0.01847961,0.0301586
597,ck2bxskgxxzfv08386xkqtqdy,kvasir_seg,train,0.07106018,0.04074097,0.18862915,0.11492018,0.11475559
598,cju5xq3tdm9fn0987pbedxdg5,kvasir_seg,train,0.03569031,0.02630615,0.00602722,0.00927283,0.01409853
599,cju847pxykriq0755268ktrk2,kvasir_seg,train,0.21279907,0.06808472,0.09124756,0.07477981,0.07820024
600,cju7fq7mm2pw508176uk5ugtx,kvasir_seg,train,0.3006897,0.05580139,0.0145874,0.03442768,0.03496438
601,cju7fcgbe2z3p07550vaflqdb,kvasir_seg,train,0.09516907,0.03378296,0.00634766,0.00879494,0.0166842
602,cju87tyddnnad0755bj0wxahe,kvasir_seg,train,0.45166016,0.0769043,0.05223083,0.0896855,0.07210295
603,cju5y84q3mdv50817eyp82xf3,kvasir_seg,train,0.03509521,0.020401,0.00280762,0.00447505,0.00946553
604,cju1871y11d6r0799k6cw4yze,kvasir_seg,train,0.15270996,0.04121399,0.00665283,0.00955575,0.01962011
605,cju88t4fvokxf07558ymyh281,kvasir_seg,train,0.05278015,0.02401733,0.00370789,0.00540146,0.01132427
606,cju2z45kuzf6d0988nz2c819m,kvasir_seg,train,0.03443909,0.01972961,0.00245667,0.00381577,0.00890993
607,cju42py9mlqyd0818u3d1d7ga,kvasir_seg,train,0.10476685,0.04350281,0.01075745,0.01851938,0.0245469
608,cju8dqkrqu83i0818ev74qpxq,kvasir_seg,train,0.59677124,0.08874512,0.4519043,0.39008987,0.30625426
609,cju6z9a9kwsl007552s49rx6i,kvasir_seg,train,0.15557861,0.04420471,0.03009033,0.03777681,0.03733631
610,cju5vbo6jldrt0871jf6f1700,kvasir_seg,train,0.07292175,0.0302124,0.00592041,0.00982938,0.0155953
611,cju300m3s04fg0988uzupuf7z,kvasir_seg,train,0.17250061,0.04400635,0.00750732,0.01423349,0.02229983
612,cju84gpefknwm098714oq8q61,kvasir_seg,train,0.13180542,0.04191589,0.00527954,0.00760577,0.01880013
613,cju2yg5ht8i4p087800js8hp4,kvasir_seg,train,0.17344666,0.05038452,0.01100159,0.01614909,0.02632986
614,cju1dia8hvc6v098827mgffnm,kvasir_seg,train,0.04252625,0.02197266,0.00415039,0.00541634,0.01076797
615,cju5vgawslbe30987ndeepc1b,kvasir_seg,train,0.30949402,0.06015015,0.01841736,0.02717244,0.03565036
616,cju2t9tdwuk700835kv0ljmtl,kvasir_seg,train,0.16313171,0.04493713,0.02958679,0.02757608,0.0343562
617,cju83h9ysjwe808716nt35oah,kvasir_seg,train,0.04689026,0.02478027,0.00497437,0.00565658,0.0121111
618,cju5vxuc5loxw0818u8xgf45p,kvasir_seg,train,0.10571289,0.0365448,0.00575256,0.00989749,0.01777332
619,cju7bd1qu1mx409877xjxibox,kvasir_seg,train,0.09376526,0.03291321,0.00521851,0.00811992,0.01578207
620,cju7dbppn28nx085097654msi,kvasir_seg,train,0.29560852,0.06100464,0.01968384,0.01726231,0.03341966
621,cju8at3s1qqqx0850hcq8nmnq,kvasir_seg,train,0.02655029,0.02020264,0.00270081,0.0043321,0.00931583
622,cju1gv7106qd008784gk603mg,kvasir_seg,train,0.14949036,0.043396,0.00672913,0.01118886,0.02090045
623,cju334jzo261t0835yqudnfs1,kvasir_seg,train,0.20016479,0.04382324,0.00888062,0.01196268,0.02203515
624,cju7bmi1v1pnj0987pa52jjok,kvasir_seg,train,0.13505554,0.03930664,0.00430298,0.01209351,0.01889142
625,cju2lz8vqktne0993fuym6drw,kvasir_seg,train,0.05940247,0.02709961,0.00457764,0.00560468,0.01276844
626,cju35k2fr3vc50988c85qkrwg,kvasir_seg,train,0.06524658,0.04017639,0.0475769,0.04640473,0.04463507
627,cju1cvkfwqrec0993wbp1jlzm,kvasir_seg,train,0.04219055,0.02223206,0.00509644,0.00673833,0.01158647
628,cju3x4blzieu30850x10uuvbm,kvasir_seg,train,0.070755,0.03788757,0.02191162,0.03219039,0.03058683
629,cju17r8il13910799dr2wme2e,kvasir_seg,train,0.012146,0.01185608,0.001297,0.0020812,0.00522794
630,cju7ctvqn25dy08186g442m1r,kvasir_seg,train,0.13833618,0.05297852,0.01100159,0.01468986,0.0268
631,cju787jnjzjuj0871p94nck9g,kvasir_seg,train,0.12605286,0.03941345,0.00376892,0.00730014,0.01730387
632,cju7fpfzq2wyf0818xxd1oziv,kvasir_seg,train,0.20683289,0.05018616,0.03186035,0.0376463,0.04001017
633,cju5woy82m07m08505dmjg7g1,kvasir_seg,train,0.16607666,0.04469299,0.00535583,0.01436419,0.02182635
634,cju7787c5yy3l080159mwqsnj,kvasir_seg,train,0.05638123,0.02783203,0.00852966,0.0067543,0.01475288
635,cju5bdwa3aatx0818b79i18zf,kvasir_seg,train,0.07176208,0.02949524,0.00268555,0.00454699,0.01262737
636,cju5ymyd8mmdc0801ry3by1xr,kvasir_seg,train,0.03425598,0.02189636,0.00439453,0.00516916,0.01075256
637,cju6z2616wqbk07555bvnuyr1,kvasir_seg,train,0.09384155,0.03315735,0.01002502,0.0079097,0.01748674
638,cju2zrojo9kcd0878ld2epejq,kvasir_seg,train,0.04301453,0.02456665,0.00666809,0.00747246,0.0131739
639,cju7eea9b2m0z0801ynqv1fqu,kvasir_seg,train,0.11346436,0.04978943,0.36775208,0.09035291,0.1732454
640,cju33231uy4gi0993qc7b1jch,kvasir_seg,train,0.05775452,0.03939819,0.01817322,0.01979823,0.02608946
641,cju32zhbnc1oy0801iyv1ix6p,kvasir_seg,train,0.25231934,0.06565857,0.02958679,0.04496957,0.04682675
642,cju34zivp3fq80988opxbaqyn,kvasir_seg,train,0.07272339,0.02885437,0.00447083,0.00815173,0.01410934
643,cju7eueum2oqn0850rodmx8zo,kvasir_seg,train,0.08457947,0.03160095,0.00532532,0.00793452,0.01530455
644,cju7dda8w2br20818zhsuz8s7,kvasir_seg,train,0.36790466,0.0692749,0.01023865,0.02209549,0.03445839
645,cju83nwu1jxte0987h1krpfmv,kvasir_seg,train,0.09432983,0.03422546,0.00527954,0.00669839,0.01583627
646,cju8b5p40r2c60987ofa0mu03,kvasir_seg,train,0.04614258,0.02320862,0.00547791,0.0067639,0.01206945
647,cju2yi9tz8vky0801yqip0xyl,kvasir_seg,train,0.26171875,0.05497742,0.02156067,0.02243789,0.0335197
648,cju8ceacrsqkr0755hdz145es,kvasir_seg,train,0.03915405,0.02178955,0.00157166,0.00413584,0.00941717
649,cju8a84g0q76m0818hwiggkod,kvasir_seg,train,0.46194458,0.0844574,0.04980469,0.03585177,0.05774726
650,cju2oq5570avm079959o20op1,kvasir_seg,train,0.1988678,0.03964233,0.01220703,0.01242224,0.02187395
651,cju2ouil2mssu0993hvxsed6d,kvasir_seg,train,0.03013611,0.01901245,0.00341797,0.00703834,0.00996215
652,cju2hugv9vget0799hhk7ksvg,kvasir_seg,train,0.01599121,0.01333618,0.00248718,0.00344264,0.00657097
653,cju1dq3x1vgx109889c7wyirg,kvasir_seg,train,0.10850525,0.0401001,0.00575256,0.01048474,0.01919385
654,cju17v6ih0u7808783zcbg1jy,kvasir_seg,train,0.35079956,0.06477356,0.01428223,0.02244475,0.03440295
655,cju1cbokpuiw70988j4lq1fpi,kvasir_seg,train,0.04232788,0.02549744,0.00354004,0.00661194,0.0121467
656,cju2u2b9o4zvp08788qb9nqxj,kvasir_seg,train,0.24145508,0.05403137,0.0118866,0.02290453,0.02994265
657,cju5huurrecm70801y680y13m,kvasir_seg,train,0.10726929,0.03636169,0.0058136,0.00694688,0.01684542
658,cju8d4jgatgpj0871q2ophhkm,kvasir_seg,train,0.14569092,0.04162598,0.00753784,0.00860955,0.0197902
659,cju5hyi9yegob0755ho3do8en,kvasir_seg,train,0.08862305,0.04255676,0.15846252,0.06375551,0.0894834
660,cju7ezs7g2mxm098787atbran,kvasir_seg,train,0.04708862,0.02363586,0.00227356,0.00507995,0.01059228
661,cju5nyu31gv8e0871zpk74a2n,kvasir_seg,train,0.04870605,0.02336121,0.0035553,0.0042284,0.0106893
662,cjyzufihqquiw0a46jatrbwln,kvasir_seg,train,0.39880371,0.07820129,0.13627625,0.06578822,0.09480361
663,cju1f320ewfyu0988ndz6blh5,kvasir_seg,train,0.10868835,0.0435791,0.01577759,0.01432859,0.02507342
664,cju8djdqztu6408506pzhlo18,kvasir_seg,train,0.08953857,0.03363037,0.01042175,0.00679429,0.01745653
665,cju2sggy13na70855tbeoqgha,kvasir_seg,train,0.25306702,0.06890869,0.0393219,0.05008378,0.05290584
666,cju3ykamdj9u208503pygyuc8,kvasir_seg,train,0.01663208,0.02238464,0.00808716,0.00559075,0.01234236
667,cju330ofbc2l30801th5g3hw6,kvasir_seg,train,0.03981018,0.02236938,0.0035553,0.00484814,0.01052808
668,cju2hx006vidl0799igm81vmh,kvasir_seg,train,0.0254364,0.01713562,0.00218201,0.00406354,0.00798023
669,cju5v8pgplg6k0755rvi2t63h,kvasir_seg,train,0.04342651,0.0249176,0.0037384,0.00450427,0.01138088
670,cju32a52lb9rc0799xi40qs00,kvasir_seg,train,0.35365295,0.0942688,0.05371094,0.06718268,0.07194771
671,cju8brv16rx7f0818uf5n89pv,kvasir_seg,train,0.0259552,0.01733398,0.00210571,0.0046251,0.00819142
672,cju2nnqrqzp580855z8mhzgd6,kvasir_seg,train,0.57745361,0.08544922,0.1408844,0.16948716,0.13006292
673,cju7dmlgf2ebw0871ieqas5fh,kvasir_seg,train,0.08729553,0.05194092,0.04559326,0.0383467,0.04564097
674,cju2zdvjn9h7r08553cp4eed5,kvasir_seg,train,0.06167603,0.02687073,0.00982666,0.01255357,0.01661016
675,cju3v56bwgy8v0871w14pz8fx,kvasir_seg,train,0.15884399,0.06484985,0.10632324,0.0484182,0.07443604
676,cju6v4szov55u0871qmqz3v8n,kvasir_seg,train,0.42926025,0.06936646,0.04489136,0.0614952,0.05843879
677,cju326h4v1gxw08352px40p7r,kvasir_seg,train,0.38601685,0.06608582,0.05307007,0.06198604,0.06030037
678,cju892fesoq2g0801n0e0jyia,kvasir_seg,train,0.21531677,0.05239868,0.02429199,0.02224639,0.03351565
679,cju8arof2qpf20850ifr1bnqj,kvasir_seg,train,0.15228271,0.04931641,0.00958252,0.01219162,0.02427211
680,cju849c23kgnk0817cgv2hw1e,kvasir_seg,train,0.08058167,0.03268433,0.0173645,0.00822982,0.01998604
681,cju8b8yair65w09878pyqtr96,kvasir_seg,train,0.1257782,0.04945374,0.02079773,0.02917228,0.0333397
682,cjyzk8qieoboa0848ogj51wwm,kvasir_seg,train,0.47424316,0.07911682,0.09159851,0.05352561,0.07580805
683,cju783tmkzkqu081803g7q5vk,kvasir_seg,train,0.11450195,0.03729248,0.00408936,0.01025141,0.01755907
684,cju1fm3id6gl50801r3fok20c,kvasir_seg,train,0.02636719,0.01702881,0.00178528,0.00552949,0.00824378
685,cju5bmhdcafs909878qfzrqzi,kvasir_seg,train,0.1512146,0.04321289,0.02230835,0.02503132,0.03044183
686,cju2r91dg2k090801bh0xzbxk,kvasir_seg,train,0.04701233,0.02444458,0.00283813,0.0059177,0.01132426
687,cju8czvnztbf40871b4m7t78w,kvasir_seg,train,0.13375854,0.0436554,0.01031494,0.01304184,0.02280217
688,cjyzjzssvd8pq0838f4nolj5l,kvasir_seg,train,0.03405762,0.02832031,0.00717163,0.00685007,0.0144772
689,cju5waeduln160817w0agirve,kvasir_seg,train,0.08930969,0.0327301,0.00743103,0.00855547,0.01662304
690,cju84kplnl1y30755ropua1b0,kvasir_seg,train,0.48983765,0.07315063,0.06907654,0.0761153,0.0726141
691,cju1f8w0t65en0799m9oacq0q,kvasir_seg,train,0.09233093,0.03913879,0.00672913,0.01208955,0.01968064
692,cju33mirdc8mj0799k33wzoes,kvasir_seg,train,0.17015076,0.04945374,0.01066589,0.01294102,0.02492418
693,cju2rn0hasxri0835nfy3buay,kvasir_seg,train,0.03337097,0.01879883,0.0058136,0.00681935,0.01066015
694,cju35fxqyzt5p0993vusm54qz,kvasir_seg,train,0.15921021,0.05099487,0.01268005,0.01650613,0.02723806
695,cju7azuu31mia0801pf9ib5ed,kvasir_seg,train,0.06997681,0.03038025,0.00283813,0.00548619,0.01327229
696,cju5ekty5ckzf07550c9u3ckk,kvasir_seg,train,0.14968872,0.04328918,0.00746155,0.00673318,0.01978271
697,cju6w733bveoz0817e600tw72,kvasir_seg,train,0.09472656,0.032547,0.01142883,0.00786141,0.01774996
698,cju2p4ddkmzxj0993p94o62av,kvasir_seg,train,0.08456421,0.03115845,0.00466919,0.00648044,0.01448381
699,cju42tauqlo5p08171l3cuo4b,kvasir_seg,train,0.05685425,0.02638245,0.00849915,0.00608448,0.0140339
